exemplar_id,ticker,timing_mode,session,h1_outcome,bucket,fired_faithful_expected,fired_isolated_expected,fired_classes_faithful,fired_classes_isolated
twosmw-fig10-40-lulu,LULU,single_session,2010-11-05,skip_gate_rejection,skip,False,False,,high_tight_flag
twosmw-fig10-40-lulu,LULU,window_sweep,2010-08-12,skip_gate_rejection,skip,False,False,,high_tight_flag
twosmw-fig10-40-lulu,LULU,window_sweep,2010-08-13,skip_gate_rejection,skip,False,False,,high_tight_flag
twosmw-fig10-40-lulu,LULU,window_sweep,2010-08-16,skip_gate_rejection,skip,False,False,,high_tight_flag
twosmw-fig10-40-lulu,LULU,window_sweep,2010-08-17,skip_gate_rejection,skip,False,False,,high_tight_flag
twosmw-fig10-40-lulu,LULU,window_sweep,2010-08-18,skip_gate_rejection,skip,False,False,,high_tight_flag
twosmw-fig10-40-lulu,LULU,window_sweep,2010-08-19,skip_gate_rejection,skip,False,False,,high_tight_flag
twosmw-fig10-40-lulu,LULU,window_sweep,2010-08-20,skip_gate_rejection,skip,False,False,,high_tight_flag
twosmw-fig10-40-lulu,LULU,window_sweep,2010-08-23,skip_gate_rejection,skip,False,False,,high_tight_flag
twosmw-fig10-40-lulu,LULU,window_sweep,2010-08-24,skip_gate_rejection,skip,False,False,,high_tight_flag
twosmw-fig10-40-lulu,LULU,window_sweep,2010-08-25,skip_gate_rejection,skip,False,False,,high_tight_flag
twosmw-fig10-40-lulu,LULU,window_sweep,2010-08-26,skip_gate_rejection,skip,False,False,,high_tight_flag
twosmw-fig10-40-lulu,LULU,window_sweep,2010-08-27,skip_gate_rejection,skip,False,False,,
twosmw-fig10-40-lulu,LULU,window_sweep,2010-08-30,skip_gate_rejection,skip,False,False,,
twosmw-fig10-40-lulu,LULU,window_sweep,2010-08-31,skip_gate_rejection,skip,False,False,,high_tight_flag
twosmw-fig10-40-lulu,LULU,window_sweep,2010-09-01,skip_gate_rejection,skip,False,False,,high_tight_flag
twosmw-fig10-40-lulu,LULU,window_sweep,2010-09-02,skip_gate_rejection,skip,False,False,,high_tight_flag
twosmw-fig10-40-lulu,LULU,window_sweep,2010-09-03,skip_gate_rejection,skip,False,True,,double_bottom_w;high_tight_flag
twosmw-fig10-40-lulu,LULU,window_sweep,2010-09-07,skip_gate_rejection,skip,False,True,,double_bottom_w;high_tight_flag
twosmw-fig10-40-lulu,LULU,window_sweep,2010-09-08,skip_gate_rejection,skip,False,True,,double_bottom_w
twosmw-fig10-40-lulu,LULU,window_sweep,2010-09-09,skip_gate_rejection,skip,False,True,,double_bottom_w
twosmw-fig10-40-lulu,LULU,window_sweep,2010-09-10,skip_gate_rejection,skip,False,True,,double_bottom_w
twosmw-fig10-40-lulu,LULU,window_sweep,2010-09-13,skip_gate_rejection,skip,False,True,,double_bottom_w
twosmw-fig10-40-lulu,LULU,window_sweep,2010-09-14,skip_gate_rejection,skip,False,True,,double_bottom_w
twosmw-fig10-40-lulu,LULU,window_sweep,2010-09-15,skip_gate_rejection,skip,False,True,,double_bottom_w
twosmw-fig10-40-lulu,LULU,window_sweep,2010-09-16,skip_gate_rejection,skip,False,True,,double_bottom_w
twosmw-fig10-40-lulu,LULU,window_sweep,2010-09-17,skip_gate_rejection,skip,False,True,,double_bottom_w
twosmw-fig10-40-lulu,LULU,window_sweep,2010-09-20,skip_gate_rejection,skip,False,True,,double_bottom_w;vcp
twosmw-fig10-40-lulu,LULU,window_sweep,2010-09-21,skip_gate_rejection,skip,False,True,,double_bottom_w;vcp
twosmw-fig10-40-lulu,LULU,window_sweep,2010-09-22,skip_gate_rejection,skip,False,True,,double_bottom_w;vcp
twosmw-fig10-40-lulu,LULU,window_sweep,2010-09-23,skip_gate_rejection,skip,False,True,,double_bottom_w;vcp
twosmw-fig10-40-lulu,LULU,window_sweep,2010-09-24,skip_gate_rejection,skip,False,True,,double_bottom_w;vcp
twosmw-fig10-40-lulu,LULU,window_sweep,2010-09-27,skip_gate_rejection,skip,False,True,,double_bottom_w;vcp
twosmw-fig10-40-lulu,LULU,window_sweep,2010-09-28,skip_gate_rejection,skip,False,False,,high_tight_flag
twosmw-fig10-40-lulu,LULU,window_sweep,2010-09-29,skip_gate_rejection,skip,False,False,,high_tight_flag
twosmw-fig10-40-lulu,LULU,window_sweep,2010-09-30,skip_gate_rejection,skip,False,False,,high_tight_flag
twosmw-fig10-40-lulu,LULU,window_sweep,2010-10-01,skip_gate_rejection,skip,False,False,,high_tight_flag
twosmw-fig10-40-lulu,LULU,window_sweep,2010-10-04,skip_gate_rejection,skip,False,False,,high_tight_flag
twosmw-fig10-40-lulu,LULU,window_sweep,2010-10-05,skip_gate_rejection,skip,False,False,,high_tight_flag
twosmw-fig10-40-lulu,LULU,window_sweep,2010-10-06,skip_gate_rejection,skip,False,False,,high_tight_flag
twosmw-fig10-40-lulu,LULU,window_sweep,2010-10-07,skip_gate_rejection,skip,False,False,,high_tight_flag
twosmw-fig10-40-lulu,LULU,window_sweep,2010-10-08,skip_gate_rejection,skip,False,False,,high_tight_flag
twosmw-fig10-40-lulu,LULU,window_sweep,2010-10-11,surfaced_watch,watch,False,False,,high_tight_flag
twosmw-fig10-40-lulu,LULU,window_sweep,2010-10-12,surfaced_watch,watch,False,False,,high_tight_flag
twosmw-fig10-40-lulu,LULU,window_sweep,2010-10-13,surfaced_watch,watch,False,False,,high_tight_flag
twosmw-fig10-40-lulu,LULU,window_sweep,2010-10-14,surfaced_watch,watch,False,False,,high_tight_flag
twosmw-fig10-40-lulu,LULU,window_sweep,2010-10-15,surfaced_watch,watch,False,False,,high_tight_flag
twosmw-fig10-40-lulu,LULU,window_sweep,2010-10-18,surfaced_aplus,aplus,False,True,,double_bottom_w;high_tight_flag
twosmw-fig10-40-lulu,LULU,window_sweep,2010-10-19,surfaced_watch,watch,False,True,,double_bottom_w;high_tight_flag
twosmw-fig10-40-lulu,LULU,window_sweep,2010-10-20,surfaced_watch,watch,False,True,,double_bottom_w;high_tight_flag
twosmw-fig10-40-lulu,LULU,window_sweep,2010-10-21,skip_gate_rejection,skip,False,True,,double_bottom_w;high_tight_flag
twosmw-fig10-40-lulu,LULU,window_sweep,2010-10-22,surfaced_watch,watch,False,False,,high_tight_flag
twosmw-fig10-40-lulu,LULU,window_sweep,2010-10-25,skip_gate_rejection,skip,False,False,,high_tight_flag
twosmw-fig10-40-lulu,LULU,window_sweep,2010-10-26,skip_gate_rejection,skip,False,True,,double_bottom_w;high_tight_flag
twosmw-fig10-40-lulu,LULU,window_sweep,2010-10-27,skip_gate_rejection,skip,False,True,,double_bottom_w;high_tight_flag
twosmw-fig10-40-lulu,LULU,window_sweep,2010-10-28,skip_gate_rejection,skip,False,True,,double_bottom_w;high_tight_flag
twosmw-fig10-40-lulu,LULU,window_sweep,2010-10-29,skip_gate_rejection,skip,False,True,,double_bottom_w;high_tight_flag
twosmw-fig10-40-lulu,LULU,window_sweep,2010-11-01,skip_gate_rejection,skip,False,True,,double_bottom_w;high_tight_flag
twosmw-fig10-40-lulu,LULU,window_sweep,2010-11-02,skip_gate_rejection,skip,False,True,,double_bottom_w;high_tight_flag
twosmw-fig10-40-lulu,LULU,window_sweep,2010-11-03,skip_gate_rejection,skip,False,True,,double_bottom_w;high_tight_flag
twosmw-fig10-40-lulu,LULU,window_sweep,2010-11-04,skip_gate_rejection,skip,False,True,,double_bottom_w;high_tight_flag
twosmw-fig10-40-lulu,LULU,window_sweep,2010-11-05,skip_gate_rejection,skip,False,False,,high_tight_flag
twosmw-fig10-40-lulu,LULU,window_sweep,2010-11-08,skip_gate_rejection,skip,False,False,,high_tight_flag
twosmw-fig10-40-lulu,LULU,window_sweep,2010-11-09,skip_gate_rejection,skip,False,False,,high_tight_flag
twosmw-fig10-40-lulu,LULU,window_sweep,2010-11-10,skip_gate_rejection,skip,False,False,,high_tight_flag
twosmw-fig10-40-lulu,LULU,window_sweep,2010-11-11,skip_gate_rejection,skip,False,False,,high_tight_flag
twosmw-fig10-40-lulu,LULU,window_sweep,2010-11-12,surfaced_watch,watch,False,False,,high_tight_flag
twosmw-fig11-6-dks,DKS,single_session,2003-04-01,skip_insufficient_history,,False,False,,high_tight_flag
twosmw-fig11-6-dks,DKS,window_sweep,2003-01-03,skip_insufficient_history,,False,False,,
twosmw-fig11-6-dks,DKS,window_sweep,2003-01-06,skip_insufficient_history,,False,False,,
twosmw-fig11-6-dks,DKS,window_sweep,2003-01-07,skip_insufficient_history,,False,False,,
twosmw-fig11-6-dks,DKS,window_sweep,2003-01-08,skip_insufficient_history,,False,False,,
twosmw-fig11-6-dks,DKS,window_sweep,2003-01-09,skip_insufficient_history,,False,False,,
twosmw-fig11-6-dks,DKS,window_sweep,2003-01-10,skip_insufficient_history,,False,False,,
twosmw-fig11-6-dks,DKS,window_sweep,2003-01-13,skip_insufficient_history,,False,False,,
twosmw-fig11-6-dks,DKS,window_sweep,2003-01-14,skip_insufficient_history,,False,True,,double_bottom_w
twosmw-fig11-6-dks,DKS,window_sweep,2003-01-15,skip_insufficient_history,,False,True,,double_bottom_w
twosmw-fig11-6-dks,DKS,window_sweep,2003-01-16,skip_insufficient_history,,False,True,,double_bottom_w
twosmw-fig11-6-dks,DKS,window_sweep,2003-01-17,skip_insufficient_history,,False,True,,double_bottom_w
twosmw-fig11-6-dks,DKS,window_sweep,2003-01-21,skip_insufficient_history,,False,True,,double_bottom_w;vcp
twosmw-fig11-6-dks,DKS,window_sweep,2003-01-22,skip_insufficient_history,,False,True,,double_bottom_w;vcp
twosmw-fig11-6-dks,DKS,window_sweep,2003-01-23,skip_insufficient_history,,False,False,,vcp
twosmw-fig11-6-dks,DKS,window_sweep,2003-01-24,skip_insufficient_history,,False,False,,vcp
twosmw-fig11-6-dks,DKS,window_sweep,2003-01-27,skip_insufficient_history,,False,False,,vcp
twosmw-fig11-6-dks,DKS,window_sweep,2003-01-28,skip_insufficient_history,,False,False,,vcp
twosmw-fig11-6-dks,DKS,window_sweep,2003-01-29,skip_insufficient_history,,False,False,,vcp
twosmw-fig11-6-dks,DKS,window_sweep,2003-01-30,skip_insufficient_history,,False,False,,vcp
twosmw-fig11-6-dks,DKS,window_sweep,2003-01-31,skip_insufficient_history,,False,False,,cup_with_handle;vcp
twosmw-fig11-6-dks,DKS,window_sweep,2003-02-03,skip_insufficient_history,,False,False,,flat_base;vcp
twosmw-fig11-6-dks,DKS,window_sweep,2003-02-04,skip_insufficient_history,,False,False,,flat_base;vcp
twosmw-fig11-6-dks,DKS,window_sweep,2003-02-05,skip_insufficient_history,,False,False,,flat_base;vcp
twosmw-fig11-6-dks,DKS,window_sweep,2003-02-06,skip_insufficient_history,,False,False,,flat_base;vcp
twosmw-fig11-6-dks,DKS,window_sweep,2003-02-07,skip_insufficient_history,,False,False,,high_tight_flag
twosmw-fig11-6-dks,DKS,window_sweep,2003-02-10,skip_insufficient_history,,False,False,,high_tight_flag
twosmw-fig11-6-dks,DKS,window_sweep,2003-02-11,skip_insufficient_history,,False,True,,double_bottom_w
twosmw-fig11-6-dks,DKS,window_sweep,2003-02-12,skip_insufficient_history,,False,True,,double_bottom_w
twosmw-fig11-6-dks,DKS,window_sweep,2003-02-13,skip_insufficient_history,,False,True,,double_bottom_w
twosmw-fig11-6-dks,DKS,window_sweep,2003-02-14,skip_insufficient_history,,False,True,,double_bottom_w
twosmw-fig11-6-dks,DKS,window_sweep,2003-02-18,skip_insufficient_history,,False,True,,double_bottom_w
twosmw-fig11-6-dks,DKS,window_sweep,2003-02-19,skip_insufficient_history,,False,True,,double_bottom_w
twosmw-fig11-6-dks,DKS,window_sweep,2003-02-20,skip_insufficient_history,,False,True,,double_bottom_w
twosmw-fig11-6-dks,DKS,window_sweep,2003-02-21,skip_insufficient_history,,False,True,,double_bottom_w
twosmw-fig11-6-dks,DKS,window_sweep,2003-02-24,skip_insufficient_history,,False,True,,double_bottom_w;vcp
twosmw-fig11-6-dks,DKS,window_sweep,2003-02-25,skip_insufficient_history,,False,True,,double_bottom_w;vcp
twosmw-fig11-6-dks,DKS,window_sweep,2003-02-26,skip_insufficient_history,,False,True,,double_bottom_w;vcp
twosmw-fig11-6-dks,DKS,window_sweep,2003-02-27,skip_insufficient_history,,False,True,,double_bottom_w;vcp
twosmw-fig11-6-dks,DKS,window_sweep,2003-02-28,skip_insufficient_history,,False,False,,high_tight_flag
twosmw-fig11-6-dks,DKS,window_sweep,2003-03-03,skip_insufficient_history,,False,True,,double_bottom_w;high_tight_flag
twosmw-fig11-6-dks,DKS,window_sweep,2003-03-04,skip_insufficient_history,,False,True,,double_bottom_w;high_tight_flag
twosmw-fig11-6-dks,DKS,window_sweep,2003-03-05,skip_insufficient_history,,False,True,,double_bottom_w;high_tight_flag
twosmw-fig11-6-dks,DKS,window_sweep,2003-03-06,skip_insufficient_history,,False,False,,high_tight_flag
twosmw-fig11-6-dks,DKS,window_sweep,2003-03-07,skip_insufficient_history,,False,False,,high_tight_flag
twosmw-fig11-6-dks,DKS,window_sweep,2003-03-10,skip_insufficient_history,,False,False,,high_tight_flag
twosmw-fig11-6-dks,DKS,window_sweep,2003-03-11,skip_insufficient_history,,False,False,,high_tight_flag
twosmw-fig11-6-dks,DKS,window_sweep,2003-03-12,skip_insufficient_history,,False,False,,high_tight_flag
twosmw-fig11-6-dks,DKS,window_sweep,2003-03-13,skip_insufficient_history,,False,False,,high_tight_flag
twosmw-fig11-6-dks,DKS,window_sweep,2003-03-14,skip_insufficient_history,,False,True,,double_bottom_w;high_tight_flag
twosmw-fig11-6-dks,DKS,window_sweep,2003-03-17,skip_insufficient_history,,False,True,,double_bottom_w;high_tight_flag
twosmw-fig11-6-dks,DKS,window_sweep,2003-03-18,skip_insufficient_history,,False,False,,high_tight_flag
twosmw-fig11-6-dks,DKS,window_sweep,2003-03-19,skip_insufficient_history,,False,True,,double_bottom_w;high_tight_flag
twosmw-fig11-6-dks,DKS,window_sweep,2003-03-20,skip_insufficient_history,,False,True,,double_bottom_w;high_tight_flag
twosmw-fig11-6-dks,DKS,window_sweep,2003-03-21,skip_insufficient_history,,False,True,,double_bottom_w;high_tight_flag
twosmw-fig11-6-dks,DKS,window_sweep,2003-03-24,skip_insufficient_history,,False,True,,double_bottom_w;high_tight_flag
twosmw-fig11-6-dks,DKS,window_sweep,2003-03-25,skip_insufficient_history,,False,True,,double_bottom_w;high_tight_flag
twosmw-fig11-6-dks,DKS,window_sweep,2003-03-26,skip_insufficient_history,,False,True,,double_bottom_w;high_tight_flag
twosmw-fig11-6-dks,DKS,window_sweep,2003-03-27,skip_insufficient_history,,False,True,,double_bottom_w;high_tight_flag
twosmw-fig11-6-dks,DKS,window_sweep,2003-03-28,skip_insufficient_history,,False,True,,double_bottom_w;high_tight_flag
twosmw-fig11-6-dks,DKS,window_sweep,2003-03-31,skip_insufficient_history,,False,False,,high_tight_flag
twosmw-fig11-6-dks,DKS,window_sweep,2003-04-01,skip_insufficient_history,,False,False,,high_tight_flag
twosmw-fig11-6-dks,DKS,window_sweep,2003-04-02,skip_insufficient_history,,False,False,,
twosmw-fig11-6-dks,DKS,window_sweep,2003-04-03,skip_insufficient_history,,False,False,,
twosmw-fig11-6-dks,DKS,window_sweep,2003-04-04,skip_insufficient_history,,False,False,,
twosmw-fig11-6-dks,DKS,window_sweep,2003-04-07,skip_insufficient_history,,False,False,,
twosmw-fig11-6-dks,DKS,window_sweep,2003-04-08,skip_insufficient_history,,False,False,,
