pattern_id,ticker,ruleset_name,anchor_asof_date,trough_1_date,center_peak_price,trough_2_price,initial_stop,composite_score,triggered,entry_date,entry_price,exit_date,exit_price,exit_reason,r_multiple,trade_pnl_dollars,peak_unrealized_R,drawdown_to_exit_R,days_held,status,forward_bars_available,max_forward_close,max_close_pct_of_peak,days_t2_to_asof
DK-2021-06-18,DK,A_minervini_trail_ma,2026-05-15,2021-06-18,23.4200,16.0700,15.9093,0.7667,true,2026-05-19,45.6000,2026-05-21,42.1000,close_below_50d,-0.1179,-4.42,0.0232,0.1411,2,closed,5,45.5400,194.4,1761
DK-2021-06-18,DK,B_fixed_R_multiple,2026-05-15,2021-06-18,23.4200,16.0700,15.9093,0.7667,true,2026-05-19,45.6000,2026-05-22,43.6800,open_at_data_tail,-0.0647,-2.42,0.0232,0.0879,3,open,5,45.5400,194.4,1761
DK-2021-06-18,DK,C_close_below_50d,2026-05-15,2021-06-18,23.4200,16.0700,15.9093,0.7667,true,2026-05-19,45.6000,2026-05-21,42.1000,close_below_50d,-0.1179,-4.42,0.0232,0.1411,2,closed,5,45.5400,194.4,1761
DK-2021-11-19,DK,A_minervini_trail_ma,2026-05-15,2021-11-19,16.7600,15.3900,15.2361,0.7667,true,2026-05-19,45.6000,2026-05-21,42.1000,close_below_50d,-0.1153,-4.32,0.0227,0.1380,2,closed,5,45.5400,271.7,1628
DK-2021-11-19,DK,B_fixed_R_multiple,2026-05-15,2021-11-19,16.7600,15.3900,15.2361,0.7667,true,2026-05-19,45.6000,2026-05-22,43.6800,open_at_data_tail,-0.0632,-2.37,0.0227,0.0860,3,open,5,45.5400,271.7,1628
DK-2021-11-19,DK,C_close_below_50d,2026-05-15,2021-11-19,16.7600,15.3900,15.2361,0.7667,true,2026-05-19,45.6000,2026-05-21,42.1000,close_below_50d,-0.1153,-4.32,0.0227,0.1380,2,closed,5,45.5400,271.7,1628
DK-2021-11-29,DK,A_minervini_trail_ma,2026-05-15,2021-11-29,16.9700,14.6900,14.5431,0.7667,true,2026-05-19,45.6000,2026-05-21,42.1000,close_below_50d,-0.1127,-4.23,0.0222,0.1349,2,closed,5,45.5400,268.4,1607
DK-2021-11-29,DK,B_fixed_R_multiple,2026-05-15,2021-11-29,16.9700,14.6900,14.5431,0.7667,true,2026-05-19,45.6000,2026-05-22,43.6800,open_at_data_tail,-0.0618,-2.32,0.0222,0.0840,3,open,5,45.5400,268.4,1607
DK-2021-11-29,DK,C_close_below_50d,2026-05-15,2021-11-29,16.9700,14.6900,14.5431,0.7667,true,2026-05-19,45.6000,2026-05-21,42.1000,close_below_50d,-0.1127,-4.23,0.0222,0.1349,2,closed,5,45.5400,268.4,1607
DK-2022-05-09,DK,A_minervini_trail_ma,2026-05-15,2022-05-09,34.4200,25.0000,24.7500,0.8333,true,2026-05-19,45.6000,2026-05-21,42.1000,close_below_50d,-0.1679,-6.29,0.0331,0.2010,2,closed,5,45.5400,132.3,1421
DK-2022-05-09,DK,B_fixed_R_multiple,2026-05-15,2022-05-09,34.4200,25.0000,24.7500,0.8333,true,2026-05-19,45.6000,2026-05-22,43.6800,open_at_data_tail,-0.0921,-3.45,0.0331,0.1252,3,open,5,45.5400,132.3,1421
DK-2022-05-09,DK,C_close_below_50d,2026-05-15,2022-05-09,34.4200,25.0000,24.7500,0.8333,true,2026-05-19,45.6000,2026-05-21,42.1000,close_below_50d,-0.1679,-6.29,0.0331,0.2010,2,closed,5,45.5400,132.3,1421
DK-2022-10-14,DK,A_minervini_trail_ma,2026-05-15,2022-10-14,34.8600,25.9100,25.6509,0.7667,true,2026-05-19,45.6000,2026-05-21,42.1000,close_below_50d,-0.1754,-6.58,0.0346,0.2100,2,closed,5,45.5400,130.6,1243
DK-2022-10-14,DK,B_fixed_R_multiple,2026-05-15,2022-10-14,34.8600,25.9100,25.6509,0.7667,true,2026-05-19,45.6000,2026-05-22,43.6800,open_at_data_tail,-0.0962,-3.61,0.0346,0.1308,3,open,5,45.5400,130.6,1243
DK-2022-10-14,DK,C_close_below_50d,2026-05-15,2022-10-14,34.8600,25.9100,25.6509,0.7667,true,2026-05-19,45.6000,2026-05-21,42.1000,close_below_50d,-0.1754,-6.58,0.0346,0.2100,2,closed,5,45.5400,130.6,1243
DK-2023-03-15,DK,A_minervini_trail_ma,2026-05-15,2023-03-15,24.8600,19.6200,19.4238,0.7667,true,2026-05-19,45.6000,2026-05-21,42.1000,close_below_50d,-0.1337,-5.01,0.0264,0.1601,2,closed,5,45.5400,183.2,1107
DK-2023-03-15,DK,B_fixed_R_multiple,2026-05-15,2023-03-15,24.8600,19.6200,19.4238,0.7667,true,2026-05-19,45.6000,2026-05-22,43.6800,open_at_data_tail,-0.0733,-2.75,0.0264,0.0997,3,open,5,45.5400,183.2,1107
DK-2023-03-15,DK,C_close_below_50d,2026-05-15,2023-03-15,24.8600,19.6200,19.4238,0.7667,true,2026-05-19,45.6000,2026-05-21,42.1000,close_below_50d,-0.1337,-5.01,0.0264,0.1601,2,closed,5,45.5400,183.2,1107
DK-2023-08-31,DK,A_minervini_trail_ma,2026-05-15,2023-08-31,30.7100,24.8200,24.5718,0.7667,true,2026-05-19,45.6000,2026-05-21,42.1000,close_below_50d,-0.1664,-6.24,0.0328,0.1993,2,closed,5,45.5400,148.3,952
DK-2023-08-31,DK,B_fixed_R_multiple,2026-05-15,2023-08-31,30.7100,24.8200,24.5718,0.7667,true,2026-05-19,45.6000,2026-05-22,43.6800,open_at_data_tail,-0.0913,-3.42,0.0328,0.1241,3,open,5,45.5400,148.3,952
DK-2023-08-31,DK,C_close_below_50d,2026-05-15,2023-08-31,30.7100,24.8200,24.5718,0.7667,true,2026-05-19,45.6000,2026-05-21,42.1000,close_below_50d,-0.1664,-6.24,0.0328,0.1993,2,closed,5,45.5400,148.3,952
DK-2023-10-26,DK,A_minervini_trail_ma,2026-05-15,2023-10-26,27.0000,24.9100,24.6609,0.7667,true,2026-05-19,45.6000,2026-05-21,42.1000,close_below_50d,-0.1672,-6.27,0.0330,0.2001,2,closed,5,45.5400,168.7,918
DK-2023-10-26,DK,B_fixed_R_multiple,2026-05-15,2023-10-26,27.0000,24.9100,24.6609,0.7667,true,2026-05-19,45.6000,2026-05-22,43.6800,open_at_data_tail,-0.0917,-3.44,0.0330,0.1246,3,open,5,45.5400,168.7,918
DK-2023-10-26,DK,C_close_below_50d,2026-05-15,2023-10-26,27.0000,24.9100,24.6609,0.7667,true,2026-05-19,45.6000,2026-05-21,42.1000,close_below_50d,-0.1672,-6.27,0.0330,0.2001,2,closed,5,45.5400,168.7,918
DK-2024-08-06,DK,A_minervini_trail_ma,2026-05-15,2024-08-06,21.9200,18.7500,18.5625,0.9333,true,2026-05-19,45.6000,2026-05-21,42.1000,close_below_50d,-0.1294,-4.85,0.0255,0.1550,2,closed,5,45.5400,207.8,613
DK-2024-08-06,DK,B_fixed_R_multiple,2026-05-15,2024-08-06,21.9200,18.7500,18.5625,0.9333,true,2026-05-19,45.6000,2026-05-22,43.6800,open_at_data_tail,-0.0710,-2.66,0.0255,0.0965,3,open,5,45.5400,207.8,613
DK-2024-08-06,DK,C_close_below_50d,2026-05-15,2024-08-06,21.9200,18.7500,18.5625,0.9333,true,2026-05-19,45.6000,2026-05-21,42.1000,close_below_50d,-0.1294,-4.85,0.0255,0.1550,2,closed,5,45.5400,207.8,613
DK-2024-09-09,DK,A_minervini_trail_ma,2026-05-15,2024-09-09,20.3200,18.6800,18.4932,0.9333,true,2026-05-19,45.6000,2026-05-21,42.1000,close_below_50d,-0.1291,-4.84,0.0255,0.1546,2,closed,5,45.5400,224.1,590
DK-2024-09-09,DK,B_fixed_R_multiple,2026-05-15,2024-09-09,20.3200,18.6800,18.4932,0.9333,true,2026-05-19,45.6000,2026-05-22,43.6800,open_at_data_tail,-0.0708,-2.66,0.0255,0.0963,3,open,5,45.5400,224.1,590
DK-2024-09-09,DK,C_close_below_50d,2026-05-15,2024-09-09,20.3200,18.6800,18.4932,0.9333,true,2026-05-19,45.6000,2026-05-21,42.1000,close_below_50d,-0.1291,-4.84,0.0255,0.1546,2,closed,5,45.5400,224.1,590
DK-2024-11-01,DK,A_minervini_trail_ma,2026-05-15,2024-11-01,19.9000,15.9400,15.7806,0.8333,true,2026-05-19,45.6000,2026-05-21,42.1000,close_below_50d,-0.1174,-4.40,0.0231,0.1405,2,closed,5,45.5400,228.8,511
DK-2024-11-01,DK,B_fixed_R_multiple,2026-05-15,2024-11-01,19.9000,15.9400,15.7806,0.8333,true,2026-05-19,45.6000,2026-05-22,43.6800,open_at_data_tail,-0.0644,-2.41,0.0231,0.0875,3,open,5,45.5400,228.8,511
DK-2024-11-01,DK,C_close_below_50d,2026-05-15,2024-11-01,19.9000,15.9400,15.7806,0.8333,true,2026-05-19,45.6000,2026-05-21,42.1000,close_below_50d,-0.1174,-4.40,0.0231,0.1405,2,closed,5,45.5400,228.8,511
DK-2025-03-10,DK,A_minervini_trail_ma,2026-05-15,2025-03-10,17.4500,11.5500,11.4345,0.7667,true,2026-05-19,45.6000,2026-05-21,42.1000,close_below_50d,-0.1024,-3.84,0.0202,0.1226,2,closed,5,45.5400,261.0,402
DK-2025-03-10,DK,B_fixed_R_multiple,2026-05-15,2025-03-10,17.4500,11.5500,11.4345,0.7667,true,2026-05-19,45.6000,2026-05-22,43.6800,open_at_data_tail,-0.0562,-2.11,0.0202,0.0764,3,open,5,45.5400,261.0,402
DK-2025-03-10,DK,C_close_below_50d,2026-05-15,2025-03-10,17.4500,11.5500,11.4345,0.7667,true,2026-05-19,45.6000,2026-05-21,42.1000,close_below_50d,-0.1024,-3.84,0.0202,0.1226,2,closed,5,45.5400,261.0,402
DK-2025-06-24,DK,A_minervini_trail_ma,2026-05-15,2025-06-24,26.6700,20.0400,19.8396,0.7667,true,2026-05-19,45.6000,2026-05-21,42.1000,close_below_50d,-0.1359,-5.10,0.0268,0.1627,2,closed,5,45.5400,170.8,282
DK-2025-06-24,DK,B_fixed_R_multiple,2026-05-15,2025-06-24,26.6700,20.0400,19.8396,0.7667,true,2026-05-19,45.6000,2026-05-22,43.6800,open_at_data_tail,-0.0745,-2.79,0.0268,0.1013,3,open,5,45.5400,170.8,282
DK-2025-06-24,DK,C_close_below_50d,2026-05-15,2025-06-24,26.6700,20.0400,19.8396,0.7667,true,2026-05-19,45.6000,2026-05-21,42.1000,close_below_50d,-0.1359,-5.10,0.0268,0.1627,2,closed,5,45.5400,170.8,282
DK-2026-01-20,DK,A_minervini_trail_ma,2026-05-15,2026-01-20,35.5300,33.0200,32.6898,0.7525,true,2026-05-19,45.6000,2026-05-21,42.1000,close_below_50d,-0.2711,-10.17,0.0534,0.3245,2,closed,5,45.5400,128.2,92
DK-2026-01-20,DK,B_fixed_R_multiple,2026-05-15,2026-01-20,35.5300,33.0200,32.6898,0.7525,true,2026-05-19,45.6000,2026-05-22,43.6800,open_at_data_tail,-0.1487,-5.58,0.0534,0.2022,3,open,5,45.5400,128.2,92
DK-2026-01-20,DK,C_close_below_50d,2026-05-15,2026-01-20,35.5300,33.0200,32.6898,0.7525,true,2026-05-19,45.6000,2026-05-21,42.1000,close_below_50d,-0.2711,-10.17,0.0534,0.3245,2,closed,5,45.5400,128.2,92
DK-2026-03-09,DK,A_minervini_trail_ma,2026-05-15,2026-03-09,45.4100,42.3900,41.9661,0.7406,true,2026-05-20,45.2800,2026-05-21,42.1000,close_below_50d,-0.9596,-35.98,0.2233,1.1829,1,closed,5,45.5400,100.3,53
DK-2026-03-09,DK,B_fixed_R_multiple,2026-05-15,2026-03-09,45.4100,42.3900,41.9661,0.7406,true,2026-05-20,45.2800,2026-05-22,43.6800,open_at_data_tail,-0.4828,-18.11,0.2233,0.7061,2,open,5,45.5400,100.3,53
DK-2026-03-09,DK,C_close_below_50d,2026-05-15,2026-03-09,45.4100,42.3900,41.9661,0.7406,true,2026-05-20,45.2800,2026-05-21,42.1000,close_below_50d,-0.9596,-35.98,0.2233,1.1829,1,closed,5,45.5400,100.3,53
DNTH-2025-05-30,DNTH,A_minervini_trail_ma,2026-04-27,2025-05-30,19.2900,16.8600,16.6914,0.7667,true,2026-04-29,83.1500,2026-04-30,87.8000,open_at_data_tail,0.0700,2.62,0.0728,0.0029,1,open,3,87.8000,455.2,311
DNTH-2025-05-30,DNTH,B_fixed_R_multiple,2026-04-27,2025-05-30,19.2900,16.8600,16.6914,0.7667,true,2026-04-29,83.1500,2026-04-30,87.8000,open_at_data_tail,0.0700,2.62,0.0728,0.0029,1,open,3,87.8000,455.2,311
DNTH-2025-05-30,DNTH,C_close_below_50d,2026-04-27,2025-05-30,19.2900,16.8600,16.6914,0.7667,true,2026-04-29,83.1500,2026-04-30,87.8000,open_at_data_tail,0.0700,2.62,0.0728,0.0029,1,open,3,87.8000,455.2,311
DNTH-2025-07-15,DNTH,A_minervini_trail_ma,2026-04-27,2025-07-15,22.2800,18.7600,18.5724,0.7667,true,2026-04-29,83.1500,2026-04-30,87.8000,open_at_data_tail,0.0720,2.70,0.0749,0.0029,1,open,3,87.8000,394.1,262
DNTH-2025-07-15,DNTH,B_fixed_R_multiple,2026-04-27,2025-07-15,22.2800,18.7600,18.5724,0.7667,true,2026-04-29,83.1500,2026-04-30,87.8000,open_at_data_tail,0.0720,2.70,0.0749,0.0029,1,open,3,87.8000,394.1,262
DNTH-2025-07-15,DNTH,C_close_below_50d,2026-04-27,2025-07-15,22.2800,18.7600,18.5724,0.7667,true,2026-04-29,83.1500,2026-04-30,87.8000,open_at_data_tail,0.0720,2.70,0.0749,0.0029,1,open,3,87.8000,394.1,262
DNTH-2026-01-06,DNTH,A_minervini_trail_ma,2026-04-27,2026-01-06,53.3900,46.5800,46.1142,0.7685,true,2026-04-29,83.1500,2026-04-30,87.8000,open_at_data_tail,0.1256,4.71,0.1307,0.0051,1,open,3,87.8000,164.5,81
DNTH-2026-01-06,DNTH,B_fixed_R_multiple,2026-04-27,2026-01-06,53.3900,46.5800,46.1142,0.7685,true,2026-04-29,83.1500,2026-04-30,87.8000,open_at_data_tail,0.1256,4.71,0.1307,0.0051,1,open,3,87.8000,164.5,81
DNTH-2026-01-06,DNTH,C_close_below_50d,2026-04-27,2026-01-06,53.3900,46.5800,46.1142,0.7685,true,2026-04-29,83.1500,2026-04-30,87.8000,open_at_data_tail,0.1256,4.71,0.1307,0.0051,1,open,3,87.8000,164.5,81
DNTH-2026-02-13,DNTH,A_minervini_trail_ma,2026-04-27,2026-02-13,86.9200,77.7600,76.9824,0.7650,false,,,,,untriggered,,,,,,untriggered,3,87.8000,101.0,38
DNTH-2026-02-13,DNTH,B_fixed_R_multiple,2026-04-27,2026-02-13,86.9200,77.7600,76.9824,0.7650,false,,,,,untriggered,,,,,,untriggered,3,87.8000,101.0,38
DNTH-2026-02-13,DNTH,C_close_below_50d,2026-04-27,2026-02-13,86.9200,77.7600,76.9824,0.7650,false,,,,,untriggered,,,,,,untriggered,3,87.8000,101.0,38
FRO-2021-05-27,FRO,A_minervini_trail_ma,2026-04-28,2021-05-27,8.8700,8.1800,8.0982,0.7667,true,2026-04-30,36.1500,2026-05-14,37.0700,open_at_data_tail,0.0328,1.23,0.1212,0.0884,10,open,12,39.5100,445.4,1775
FRO-2021-05-27,FRO,B_fixed_R_multiple,2026-04-28,2021-05-27,8.8700,8.1800,8.0982,0.7667,true,2026-04-30,36.1500,2026-05-14,37.0700,open_at_data_tail,0.0328,1.23,0.1212,0.0884,10,open,12,39.5100,445.4,1775
FRO-2021-05-27,FRO,C_close_below_50d,2026-04-28,2021-05-27,8.8700,8.1800,8.0982,0.7667,true,2026-04-30,36.1500,2026-05-14,37.0700,open_at_data_tail,0.0328,1.23,0.1212,0.0884,10,open,12,39.5100,445.4,1775
FRO-2021-08-20,FRO,A_minervini_trail_ma,2026-04-28,2021-08-20,7.6100,7.2200,7.1478,0.7667,true,2026-04-30,36.1500,2026-05-14,37.0700,open_at_data_tail,0.0317,1.19,0.1172,0.0855,10,open,12,39.5100,519.2,1701
FRO-2021-08-20,FRO,B_fixed_R_multiple,2026-04-28,2021-08-20,7.6100,7.2200,7.1478,0.7667,true,2026-04-30,36.1500,2026-05-14,37.0700,open_at_data_tail,0.0317,1.19,0.1172,0.0855,10,open,12,39.5100,519.2,1701
FRO-2021-08-20,FRO,C_close_below_50d,2026-04-28,2021-08-20,7.6100,7.2200,7.1478,0.7667,true,2026-04-30,36.1500,2026-05-14,37.0700,open_at_data_tail,0.0317,1.19,0.1172,0.0855,10,open,12,39.5100,519.2,1701
FRO-2021-12-14,FRO,A_minervini_trail_ma,2026-04-28,2021-12-14,7.8200,6.4300,6.3657,0.7667,true,2026-04-30,36.1500,2026-05-14,37.0700,open_at_data_tail,0.0309,1.16,0.1142,0.0833,10,open,12,39.5100,505.2,1555
FRO-2021-12-14,FRO,B_fixed_R_multiple,2026-04-28,2021-12-14,7.8200,6.4300,6.3657,0.7667,true,2026-04-30,36.1500,2026-05-14,37.0700,open_at_data_tail,0.0309,1.16,0.1142,0.0833,10,open,12,39.5100,505.2,1555
FRO-2021-12-14,FRO,C_close_below_50d,2026-04-28,2021-12-14,7.8200,6.4300,6.3657,0.7667,true,2026-04-30,36.1500,2026-05-14,37.0700,open_at_data_tail,0.0309,1.16,0.1142,0.0833,10,open,12,39.5100,505.2,1555
FRO-2022-06-17,FRO,A_minervini_trail_ma,2026-04-28,2022-06-17,9.4600,8.0900,8.0091,0.9333,true,2026-04-30,36.1500,2026-05-14,37.0700,open_at_data_tail,0.0327,1.23,0.1208,0.0881,10,open,12,39.5100,417.7,1387
FRO-2022-06-17,FRO,B_fixed_R_multiple,2026-04-28,2022-06-17,9.4600,8.0900,8.0091,0.9333,true,2026-04-30,36.1500,2026-05-14,37.0700,open_at_data_tail,0.0327,1.23,0.1208,0.0881,10,open,12,39.5100,417.7,1387
FRO-2022-06-17,FRO,C_close_below_50d,2026-04-28,2022-06-17,9.4600,8.0900,8.0091,0.9333,true,2026-04-30,36.1500,2026-05-14,37.0700,open_at_data_tail,0.0327,1.23,0.1208,0.0881,10,open,12,39.5100,417.7,1387
FRO-2022-11-10,FRO,A_minervini_trail_ma,2026-04-28,2022-11-10,14.4300,12.9400,12.8106,0.7667,true,2026-04-30,36.1500,2026-05-14,37.0700,open_at_data_tail,0.0394,1.48,0.1457,0.1063,10,open,12,39.5100,273.8,1246
FRO-2022-11-10,FRO,B_fixed_R_multiple,2026-04-28,2022-11-10,14.4300,12.9400,12.8106,0.7667,true,2026-04-30,36.1500,2026-05-14,37.0700,open_at_data_tail,0.0394,1.48,0.1457,0.1063,10,open,12,39.5100,273.8,1246
FRO-2022-11-10,FRO,C_close_below_50d,2026-04-28,2022-11-10,14.4300,12.9400,12.8106,0.7667,true,2026-04-30,36.1500,2026-05-14,37.0700,open_at_data_tail,0.0394,1.48,0.1457,0.1063,10,open,12,39.5100,273.8,1246
FRO-2022-12-07,FRO,A_minervini_trail_ma,2026-04-28,2022-12-07,14.2300,10.6800,10.5732,0.7667,true,2026-04-30,36.1500,2026-05-14,37.0700,open_at_data_tail,0.0360,1.35,0.1329,0.0970,10,open,12,39.5100,277.7,1210
FRO-2022-12-07,FRO,B_fixed_R_multiple,2026-04-28,2022-12-07,14.2300,10.6800,10.5732,0.7667,true,2026-04-30,36.1500,2026-05-14,37.0700,open_at_data_tail,0.0360,1.35,0.1329,0.0970,10,open,12,39.5100,277.7,1210
FRO-2022-12-07,FRO,C_close_below_50d,2026-04-28,2022-12-07,14.2300,10.6800,10.5732,0.7667,true,2026-04-30,36.1500,2026-05-14,37.0700,open_at_data_tail,0.0360,1.35,0.1329,0.0970,10,open,12,39.5100,277.7,1210
FRO-2023-03-16,FRO,A_minervini_trail_ma,2026-04-28,2023-03-16,17.4800,14.9100,14.7609,0.7667,true,2026-04-30,36.1500,2026-05-14,37.0700,open_at_data_tail,0.0430,1.61,0.1590,0.1159,10,open,12,39.5100,226.0,1121
FRO-2023-03-16,FRO,B_fixed_R_multiple,2026-04-28,2023-03-16,17.4800,14.9100,14.7609,0.7667,true,2026-04-30,36.1500,2026-05-14,37.0700,open_at_data_tail,0.0430,1.61,0.1590,0.1159,10,open,12,39.5100,226.0,1121
FRO-2023-03-16,FRO,C_close_below_50d,2026-04-28,2023-03-16,17.4800,14.9100,14.7609,0.7667,true,2026-04-30,36.1500,2026-05-14,37.0700,open_at_data_tail,0.0430,1.61,0.1590,0.1159,10,open,12,39.5100,226.0,1121
FRO-2023-06-05,FRO,A_minervini_trail_ma,2026-04-27,2023-06-05,15.7400,13.3600,13.2264,0.9333,true,2026-04-30,36.1500,2026-05-14,37.0700,open_at_data_tail,0.0401,1.50,0.1483,0.1082,10,open,12,39.5100,251.0,1036
FRO-2023-06-05,FRO,B_fixed_R_multiple,2026-04-27,2023-06-05,15.7400,13.3600,13.2264,0.9333,true,2026-04-30,36.1500,2026-05-14,37.0700,open_at_data_tail,0.0401,1.50,0.1483,0.1082,10,open,12,39.5100,251.0,1036
FRO-2023-06-05,FRO,C_close_below_50d,2026-04-27,2023-06-05,15.7400,13.3600,13.2264,0.9333,true,2026-04-30,36.1500,2026-05-14,37.0700,open_at_data_tail,0.0401,1.50,0.1483,0.1082,10,open,12,39.5100,251.0,1036
FRO-2024-06-17,FRO,A_minervini_trail_ma,2026-04-28,2024-06-17,26.2700,23.3400,23.1066,0.7667,true,2026-04-30,36.1500,2026-05-14,37.0700,open_at_data_tail,0.0705,2.65,0.2607,0.1901,10,open,12,39.5100,150.4,657
FRO-2024-06-17,FRO,B_fixed_R_multiple,2026-04-28,2024-06-17,26.2700,23.3400,23.1066,0.7667,true,2026-04-30,36.1500,2026-05-14,37.0700,open_at_data_tail,0.0705,2.65,0.2607,0.1901,10,open,12,39.5100,150.4,657
FRO-2024-06-17,FRO,C_close_below_50d,2026-04-28,2024-06-17,26.2700,23.3400,23.1066,0.7667,true,2026-04-30,36.1500,2026-05-14,37.0700,open_at_data_tail,0.0705,2.65,0.2607,0.1901,10,open,12,39.5100,150.4,657
FRO-2024-07-10,FRO,A_minervini_trail_ma,2026-04-28,2024-07-10,25.5500,22.1700,21.9483,0.7667,true,2026-04-30,36.1500,2026-05-14,37.0700,open_at_data_tail,0.0648,2.43,0.2394,0.1746,10,open,12,39.5100,154.6,631
FRO-2024-07-10,FRO,B_fixed_R_multiple,2026-04-28,2024-07-10,25.5500,22.1700,21.9483,0.7667,true,2026-04-30,36.1500,2026-05-14,37.0700,open_at_data_tail,0.0648,2.43,0.2394,0.1746,10,open,12,39.5100,154.6,631
FRO-2024-07-10,FRO,C_close_below_50d,2026-04-28,2024-07-10,25.5500,22.1700,21.9483,0.7667,true,2026-04-30,36.1500,2026-05-14,37.0700,open_at_data_tail,0.0648,2.43,0.2394,0.1746,10,open,12,39.5100,154.6,631
FRO-2024-08-05,FRO,A_minervini_trail_ma,2026-04-28,2024-08-05,25.1600,21.8000,21.5820,0.7667,true,2026-04-30,36.1500,2026-05-14,37.0700,open_at_data_tail,0.0632,2.37,0.2334,0.1702,10,open,12,39.5100,157.0,595
FRO-2024-08-05,FRO,B_fixed_R_multiple,2026-04-28,2024-08-05,25.1600,21.8000,21.5820,0.7667,true,2026-04-30,36.1500,2026-05-14,37.0700,open_at_data_tail,0.0632,2.37,0.2334,0.1702,10,open,12,39.5100,157.0,595
FRO-2024-08-05,FRO,C_close_below_50d,2026-04-28,2024-08-05,25.1600,21.8000,21.5820,0.7667,true,2026-04-30,36.1500,2026-05-14,37.0700,open_at_data_tail,0.0632,2.37,0.2334,0.1702,10,open,12,39.5100,157.0,595
FRO-2024-09-10,FRO,A_minervini_trail_ma,2026-04-28,2024-09-10,23.9400,21.4500,21.2355,0.7667,true,2026-04-30,36.1500,2026-05-14,37.0700,open_at_data_tail,0.0617,2.31,0.2280,0.1663,10,open,12,39.5100,165.0,580
FRO-2024-09-10,FRO,B_fixed_R_multiple,2026-04-28,2024-09-10,23.9400,21.4500,21.2355,0.7667,true,2026-04-30,36.1500,2026-05-14,37.0700,open_at_data_tail,0.0617,2.31,0.2280,0.1663,10,open,12,39.5100,165.0,580
FRO-2024-09-10,FRO,C_close_below_50d,2026-04-28,2024-09-10,23.9400,21.4500,21.2355,0.7667,true,2026-04-30,36.1500,2026-05-14,37.0700,open_at_data_tail,0.0617,2.31,0.2280,0.1663,10,open,12,39.5100,165.0,580
FRO-2025-01-27,FRO,A_minervini_trail_ma,2026-04-28,2025-01-27,18.8700,15.3100,15.1569,0.9333,true,2026-04-30,36.1500,2026-05-14,37.0700,open_at_data_tail,0.0438,1.64,0.1620,0.1181,10,open,12,39.5100,209.4,425
FRO-2025-01-27,FRO,B_fixed_R_multiple,2026-04-28,2025-01-27,18.8700,15.3100,15.1569,0.9333,true,2026-04-30,36.1500,2026-05-14,37.0700,open_at_data_tail,0.0438,1.64,0.1620,0.1181,10,open,12,39.5100,209.4,425
FRO-2025-01-27,FRO,C_close_below_50d,2026-04-28,2025-01-27,18.8700,15.3100,15.1569,0.9333,true,2026-04-30,36.1500,2026-05-14,37.0700,open_at_data_tail,0.0438,1.64,0.1620,0.1181,10,open,12,39.5100,209.4,425
FRO-2025-02-27,FRO,A_minervini_trail_ma,2026-04-28,2025-02-27,16.6000,15.1400,14.9886,0.7667,true,2026-04-30,36.1500,2026-05-14,37.0700,open_at_data_tail,0.0435,1.63,0.1607,0.1172,10,open,12,39.5100,238.0,414
FRO-2025-02-27,FRO,B_fixed_R_multiple,2026-04-28,2025-02-27,16.6000,15.1400,14.9886,0.7667,true,2026-04-30,36.1500,2026-05-14,37.0700,open_at_data_tail,0.0435,1.63,0.1607,0.1172,10,open,12,39.5100,238.0,414
FRO-2025-02-27,FRO,C_close_below_50d,2026-04-28,2025-02-27,16.6000,15.1400,14.9886,0.7667,true,2026-04-30,36.1500,2026-05-14,37.0700,open_at_data_tail,0.0435,1.63,0.1607,0.1172,10,open,12,39.5100,238.0,414
KOD-2023-03-24,KOD,A_minervini_trail_ma,2026-05-01,2023-03-24,6.2000,4.6600,4.6134,0.7667,true,2026-05-05,42.9500,2026-05-11,39.8500,open_at_data_tail,-0.0809,-3.03,0.0848,0.1656,4,open,6,45.8900,740.2,1117
KOD-2023-03-24,KOD,B_fixed_R_multiple,2026-05-01,2023-03-24,6.2000,4.6600,4.6134,0.7667,true,2026-05-05,42.9500,2026-05-11,39.8500,open_at_data_tail,-0.0809,-3.03,0.0848,0.1656,4,open,6,45.8900,740.2,1117
KOD-2023-03-24,KOD,C_close_below_50d,2026-05-01,2023-03-24,6.2000,4.6600,4.6134,0.7667,true,2026-05-05,42.9500,2026-05-11,39.8500,open_at_data_tail,-0.0809,-3.03,0.0848,0.1656,4,open,6,45.8900,740.2,1117
KOD-2023-06-29,KOD,A_minervini_trail_ma,2026-05-01,2023-06-29,7.4900,6.5000,6.4350,0.7667,true,2026-05-05,42.9500,2026-05-11,39.8500,open_at_data_tail,-0.0849,-3.18,0.0890,0.1739,4,open,6,45.8900,612.7,1019
KOD-2023-06-29,KOD,B_fixed_R_multiple,2026-05-01,2023-06-29,7.4900,6.5000,6.4350,0.7667,true,2026-05-05,42.9500,2026-05-11,39.8500,open_at_data_tail,-0.0849,-3.18,0.0890,0.1739,4,open,6,45.8900,612.7,1019
KOD-2023-06-29,KOD,C_close_below_50d,2026-05-01,2023-06-29,7.4900,6.5000,6.4350,0.7667,true,2026-05-05,42.9500,2026-05-11,39.8500,open_at_data_tail,-0.0849,-3.18,0.0890,0.1739,4,open,6,45.8900,612.7,1019
KOD-2024-03-19,KOD,A_minervini_trail_ma,2026-05-01,2024-03-19,7.4500,4.0800,4.0392,0.7667,true,2026-05-05,42.9500,2026-05-11,39.8500,open_at_data_tail,-0.0797,-2.99,0.0835,0.1632,4,open,6,45.8900,616.0,757
KOD-2024-03-19,KOD,B_fixed_R_multiple,2026-05-01,2024-03-19,7.4500,4.0800,4.0392,0.7667,true,2026-05-05,42.9500,2026-05-11,39.8500,open_at_data_tail,-0.0797,-2.99,0.0835,0.1632,4,open,6,45.8900,616.0,757
KOD-2024-03-19,KOD,C_close_below_50d,2026-05-01,2024-03-19,7.4500,4.0800,4.0392,0.7667,true,2026-05-05,42.9500,2026-05-11,39.8500,open_at_data_tail,-0.0797,-2.99,0.0835,0.1632,4,open,6,45.8900,616.0,757
KOD-2024-04-25,KOD,A_minervini_trail_ma,2026-05-01,2024-04-25,3.9800,2.9500,2.9205,0.7667,true,2026-05-05,42.9500,2026-05-11,39.8500,open_at_data_tail,-0.0774,-2.90,0.0812,0.1586,4,open,6,45.8900,1153.0,702
KOD-2024-04-25,KOD,B_fixed_R_multiple,2026-05-01,2024-04-25,3.9800,2.9500,2.9205,0.7667,true,2026-05-05,42.9500,2026-05-11,39.8500,open_at_data_tail,-0.0774,-2.90,0.0812,0.1586,4,open,6,45.8900,1153.0,702
KOD-2024-04-25,KOD,C_close_below_50d,2026-05-01,2024-04-25,3.9800,2.9500,2.9205,0.7667,true,2026-05-05,42.9500,2026-05-11,39.8500,open_at_data_tail,-0.0774,-2.90,0.0812,0.1586,4,open,6,45.8900,1153.0,702
KOD-2024-08-07,KOD,A_minervini_trail_ma,2026-05-01,2024-08-07,2.9200,2.3100,2.2869,0.9333,true,2026-05-05,42.9500,2026-05-11,39.8500,open_at_data_tail,-0.0762,-2.86,0.0799,0.1562,4,open,6,45.8900,1571.6,602
KOD-2024-08-07,KOD,B_fixed_R_multiple,2026-05-01,2024-08-07,2.9200,2.3100,2.2869,0.9333,true,2026-05-05,42.9500,2026-05-11,39.8500,open_at_data_tail,-0.0762,-2.86,0.0799,0.1562,4,open,6,45.8900,1571.6,602
KOD-2024-08-07,KOD,C_close_below_50d,2026-05-01,2024-08-07,2.9200,2.3100,2.2869,0.9333,true,2026-05-05,42.9500,2026-05-11,39.8500,open_at_data_tail,-0.0762,-2.86,0.0799,0.1562,4,open,6,45.8900,1571.6,602
KOD-2025-05-15,KOD,A_minervini_trail_ma,2026-04-30,2025-05-15,4.0600,3.4000,3.3660,0.8333,true,2026-05-04,43.3900,2026-05-11,39.8500,open_at_data_tail,-0.0884,-3.32,0.0800,0.1684,5,open,7,45.8900,1130.3,335
KOD-2025-05-15,KOD,B_fixed_R_multiple,2026-04-30,2025-05-15,4.0600,3.4000,3.3660,0.8333,true,2026-05-04,43.3900,2026-05-11,39.8500,open_at_data_tail,-0.0884,-3.32,0.0800,0.1684,5,open,7,45.8900,1130.3,335
KOD-2025-05-15,KOD,C_close_below_50d,2026-04-30,2025-05-15,4.0600,3.4000,3.3660,0.8333,true,2026-05-04,43.3900,2026-05-11,39.8500,open_at_data_tail,-0.0884,-3.32,0.0800,0.1684,5,open,7,45.8900,1130.3,335
KOD-2025-05-30,KOD,A_minervini_trail_ma,2026-05-01,2025-05-30,4.2200,3.5300,3.4947,0.8333,true,2026-05-05,42.9500,2026-05-11,39.8500,open_at_data_tail,-0.0786,-2.95,0.0824,0.1609,4,open,6,45.8900,1087.4,317
KOD-2025-05-30,KOD,B_fixed_R_multiple,2026-05-01,2025-05-30,4.2200,3.5300,3.4947,0.8333,true,2026-05-05,42.9500,2026-05-11,39.8500,open_at_data_tail,-0.0786,-2.95,0.0824,0.1609,4,open,6,45.8900,1087.4,317
KOD-2025-05-30,KOD,C_close_below_50d,2026-05-01,2025-05-30,4.2200,3.5300,3.4947,0.8333,true,2026-05-05,42.9500,2026-05-11,39.8500,open_at_data_tail,-0.0786,-2.95,0.0824,0.1609,4,open,6,45.8900,1087.4,317
KOD-2025-10-23,KOD,A_minervini_trail_ma,2026-05-01,2025-10-23,21.0500,16.9000,16.7310,0.7667,true,2026-05-05,42.9500,2026-05-11,39.8500,open_at_data_tail,-0.1182,-4.43,0.1240,0.2422,4,open,6,45.8900,218.0,176
KOD-2025-10-23,KOD,B_fixed_R_multiple,2026-05-01,2025-10-23,21.0500,16.9000,16.7310,0.7667,true,2026-05-05,42.9500,2026-05-11,39.8500,open_at_data_tail,-0.1182,-4.43,0.1240,0.2422,4,open,6,45.8900,218.0,176
KOD-2025-10-23,KOD,C_close_below_50d,2026-05-01,2025-10-23,21.0500,16.9000,16.7310,0.7667,true,2026-05-05,42.9500,2026-05-11,39.8500,open_at_data_tail,-0.1182,-4.43,0.1240,0.2422,4,open,6,45.8900,218.0,176
KOD-2026-01-05,KOD,A_minervini_trail_ma,2026-05-01,2026-01-05,28.6700,21.0100,20.7999,0.8390,true,2026-05-05,42.9500,2026-05-11,39.8500,open_at_data_tail,-0.1400,-5.25,0.1467,0.2867,4,open,6,45.8900,160.1,85
KOD-2026-01-05,KOD,B_fixed_R_multiple,2026-05-01,2026-01-05,28.6700,21.0100,20.7999,0.8390,true,2026-05-05,42.9500,2026-05-11,39.8500,open_at_data_tail,-0.1400,-5.25,0.1467,0.2867,4,open,6,45.8900,160.1,85
KOD-2026-01-05,KOD,C_close_below_50d,2026-05-01,2026-01-05,28.6700,21.0100,20.7999,0.8390,true,2026-05-05,42.9500,2026-05-11,39.8500,open_at_data_tail,-0.1400,-5.25,0.1467,0.2867,4,open,6,45.8900,160.1,85
KOD-2026-02-05,KOD,A_minervini_trail_ma,2026-04-29,2026-02-05,27.9800,21.8500,21.6315,0.8567,true,2026-05-05,42.9500,2026-05-11,39.8500,open_at_data_tail,-0.1454,-5.45,0.1524,0.2979,4,open,6,45.8900,164.0,38
KOD-2026-02-05,KOD,B_fixed_R_multiple,2026-04-29,2026-02-05,27.9800,21.8500,21.6315,0.8567,true,2026-05-05,42.9500,2026-05-11,39.8500,open_at_data_tail,-0.1454,-5.45,0.1524,0.2979,4,open,6,45.8900,164.0,38
KOD-2026-02-05,KOD,C_close_below_50d,2026-04-29,2026-02-05,27.9800,21.8500,21.6315,0.8567,true,2026-05-05,42.9500,2026-05-11,39.8500,open_at_data_tail,-0.1454,-5.45,0.1524,0.2979,4,open,6,45.8900,164.0,38
NAT-2022-06-02,NAT,A_minervini_trail_ma,2026-05-12,2022-06-02,2.3100,1.9500,1.9305,0.7667,true,2026-05-14,5.6200,2026-05-14,5.5100,close_below_50d,-0.0298,-1.12,0.0027,0.0325,0,closed,2,5.6000,242.4,1429
NAT-2022-06-02,NAT,B_fixed_R_multiple,2026-05-12,2022-06-02,2.3100,1.9500,1.9305,0.7667,true,2026-05-14,5.6200,2026-05-14,5.5100,open_at_data_tail,-0.0298,-1.12,0.0027,0.0325,0,open,2,5.6000,242.4,1429
NAT-2022-06-02,NAT,C_close_below_50d,2026-05-12,2022-06-02,2.3100,1.9500,1.9305,0.7667,true,2026-05-14,5.6200,2026-05-14,5.5100,close_below_50d,-0.0298,-1.12,0.0027,0.0325,0,closed,2,5.6000,242.4,1429
NAT-2022-06-17,NAT,A_minervini_trail_ma,2026-05-12,2022-06-17,2.2300,1.8600,1.8414,0.7667,true,2026-05-14,5.6200,2026-05-14,5.5100,close_below_50d,-0.0291,-1.09,0.0026,0.0318,0,closed,2,5.6000,251.1,1406
NAT-2022-06-17,NAT,B_fixed_R_multiple,2026-05-12,2022-06-17,2.2300,1.8600,1.8414,0.7667,true,2026-05-14,5.6200,2026-05-14,5.5100,open_at_data_tail,-0.0291,-1.09,0.0026,0.0318,0,open,2,5.6000,251.1,1406
NAT-2022-06-17,NAT,C_close_below_50d,2026-05-12,2022-06-17,2.2300,1.8600,1.8414,0.7667,true,2026-05-14,5.6200,2026-05-14,5.5100,close_below_50d,-0.0291,-1.09,0.0026,0.0318,0,closed,2,5.6000,251.1,1406
NAT-2022-12-07,NAT,A_minervini_trail_ma,2026-05-12,2022-12-07,3.5200,2.9000,2.8710,0.9333,true,2026-05-14,5.6200,2026-05-14,5.5100,close_below_50d,-0.0400,-1.50,0.0036,0.0437,0,closed,2,5.6000,159.1,1224
NAT-2022-12-07,NAT,B_fixed_R_multiple,2026-05-12,2022-12-07,3.5200,2.9000,2.8710,0.9333,true,2026-05-14,5.6200,2026-05-14,5.5100,open_at_data_tail,-0.0400,-1.50,0.0036,0.0437,0,open,2,5.6000,159.1,1224
NAT-2022-12-07,NAT,C_close_below_50d,2026-05-12,2022-12-07,3.5200,2.9000,2.8710,0.9333,true,2026-05-14,5.6200,2026-05-14,5.5100,close_below_50d,-0.0400,-1.50,0.0036,0.0437,0,closed,2,5.6000,159.1,1224
NAT-2023-01-04,NAT,A_minervini_trail_ma,2026-05-12,2023-01-04,3.2200,2.8900,2.8611,0.9333,true,2026-05-14,5.6200,2026-05-14,5.5100,close_below_50d,-0.0399,-1.50,0.0036,0.0435,0,closed,2,5.6000,173.9,1202
NAT-2023-01-04,NAT,B_fixed_R_multiple,2026-05-12,2023-01-04,3.2200,2.8900,2.8611,0.9333,true,2026-05-14,5.6200,2026-05-14,5.5100,open_at_data_tail,-0.0399,-1.50,0.0036,0.0435,0,open,2,5.6000,173.9,1202
NAT-2023-01-04,NAT,C_close_below_50d,2026-05-12,2023-01-04,3.2200,2.8900,2.8611,0.9333,true,2026-05-14,5.6200,2026-05-14,5.5100,close_below_50d,-0.0399,-1.50,0.0036,0.0435,0,closed,2,5.6000,173.9,1202
NAT-2023-05-31,NAT,A_minervini_trail_ma,2026-05-12,2023-05-31,3.7900,3.4900,3.4551,0.7667,true,2026-05-14,5.6200,2026-05-14,5.5100,close_below_50d,-0.0508,-1.91,0.0046,0.0554,0,closed,2,5.6000,147.8,1049
NAT-2023-05-31,NAT,B_fixed_R_multiple,2026-05-12,2023-05-31,3.7900,3.4900,3.4551,0.7667,true,2026-05-14,5.6200,2026-05-14,5.5100,open_at_data_tail,-0.0508,-1.91,0.0046,0.0554,0,open,2,5.6000,147.8,1049
NAT-2023-05-31,NAT,C_close_below_50d,2026-05-12,2023-05-31,3.7900,3.4900,3.4551,0.7667,true,2026-05-14,5.6200,2026-05-14,5.5100,close_below_50d,-0.0508,-1.91,0.0046,0.0554,0,closed,2,5.6000,147.8,1049
NAT-2024-03-20,NAT,A_minervini_trail_ma,2026-05-12,2024-03-20,4.0300,3.7600,3.7224,0.7667,true,2026-05-14,5.6200,2026-05-14,5.5100,close_below_50d,-0.0580,-2.17,0.0053,0.0632,0,closed,2,5.6000,139.0,750
NAT-2024-03-20,NAT,B_fixed_R_multiple,2026-05-12,2024-03-20,4.0300,3.7600,3.7224,0.7667,true,2026-05-14,5.6200,2026-05-14,5.5100,open_at_data_tail,-0.0580,-2.17,0.0053,0.0632,0,open,2,5.6000,139.0,750
NAT-2024-03-20,NAT,C_close_below_50d,2026-05-12,2024-03-20,4.0300,3.7600,3.7224,0.7667,true,2026-05-14,5.6200,2026-05-14,5.5100,close_below_50d,-0.0580,-2.17,0.0053,0.0632,0,closed,2,5.6000,139.0,750
NAT-2024-06-17,NAT,A_minervini_trail_ma,2026-05-12,2024-06-17,4.1800,3.6900,3.6531,0.7667,true,2026-05-14,5.6200,2026-05-14,5.5100,close_below_50d,-0.0559,-2.10,0.0051,0.0610,0,closed,2,5.6000,134.0,663
NAT-2024-06-17,NAT,B_fixed_R_multiple,2026-05-12,2024-06-17,4.1800,3.6900,3.6531,0.7667,true,2026-05-14,5.6200,2026-05-14,5.5100,open_at_data_tail,-0.0559,-2.10,0.0051,0.0610,0,open,2,5.6000,134.0,663
NAT-2024-06-17,NAT,C_close_below_50d,2026-05-12,2024-06-17,4.1800,3.6900,3.6531,0.7667,true,2026-05-14,5.6200,2026-05-14,5.5100,close_below_50d,-0.0559,-2.10,0.0051,0.0610,0,closed,2,5.6000,134.0,663
NAT-2025-11-04,NAT,A_minervini_trail_ma,2026-05-12,2025-11-04,3.9000,3.3700,3.3363,0.7667,true,2026-05-14,5.6200,2026-05-14,5.5100,close_below_50d,-0.0482,-1.81,0.0044,0.0525,0,closed,2,5.6000,143.6,144
NAT-2025-11-04,NAT,B_fixed_R_multiple,2026-05-12,2025-11-04,3.9000,3.3700,3.3363,0.7667,true,2026-05-14,5.6200,2026-05-14,5.5100,open_at_data_tail,-0.0482,-1.81,0.0044,0.0525,0,open,2,5.6000,143.6,144
NAT-2025-11-04,NAT,C_close_below_50d,2026-05-12,2025-11-04,3.9000,3.3700,3.3363,0.7667,true,2026-05-14,5.6200,2026-05-14,5.5100,close_below_50d,-0.0482,-1.81,0.0044,0.0525,0,closed,2,5.6000,143.6,144
OII-2026-03-13,OII,A_minervini_trail_ma,2026-04-21,2026-03-13,37.2000,34.3700,34.0263,0.8333,true,2026-04-23,36.2500,2026-04-27,37.9850,open_at_data_tail,0.7802,29.26,1.7403,0.9601,2,open,4,38.4700,103.4,20
OII-2026-03-13,OII,B_fixed_R_multiple,2026-04-21,2026-03-13,37.2000,34.3700,34.0263,0.8333,true,2026-04-23,36.2500,2026-04-27,37.9850,open_at_data_tail,0.7802,29.26,1.7403,0.9601,2,open,4,38.4700,103.4,20
OII-2026-03-13,OII,C_close_below_50d,2026-04-21,2026-03-13,37.2000,34.3700,34.0263,0.8333,true,2026-04-23,36.2500,2026-04-27,37.9850,open_at_data_tail,0.7802,29.26,1.7403,0.9601,2,open,4,38.4700,103.4,20
PTEN-2023-05-16,PTEN,A_minervini_trail_ma,2026-05-08,2023-05-16,11.0200,9.7400,9.6426,0.7667,true,2026-05-12,12.0000,2026-05-22,12.3100,open_at_data_tail,0.1315,4.93,0.4581,0.3266,8,open,10,12.8500,116.6,1073
PTEN-2023-05-16,PTEN,B_fixed_R_multiple,2026-05-08,2023-05-16,11.0200,9.7400,9.6426,0.7667,true,2026-05-12,12.0000,2026-05-22,12.3100,open_at_data_tail,0.1315,4.93,0.4581,0.3266,8,open,10,12.8500,116.6,1073
PTEN-2023-05-16,PTEN,C_close_below_50d,2026-05-08,2023-05-16,11.0200,9.7400,9.6426,0.7667,true,2026-05-12,12.0000,2026-05-22,12.3100,open_at_data_tail,0.1315,4.93,0.4581,0.3266,8,open,10,12.8500,116.6,1073
PTEN-2024-01-17,PTEN,A_minervini_trail_ma,2026-05-08,2024-01-17,11.5400,10.1500,10.0485,0.8333,true,2026-05-12,12.0000,2026-05-22,12.3100,open_at_data_tail,0.1589,5.96,0.5534,0.3946,8,open,10,12.8500,111.4,823
PTEN-2024-01-17,PTEN,B_fixed_R_multiple,2026-05-08,2024-01-17,11.5400,10.1500,10.0485,0.8333,true,2026-05-12,12.0000,2026-05-22,12.3100,open_at_data_tail,0.1589,5.96,0.5534,0.3946,8,open,10,12.8500,111.4,823
PTEN-2024-01-17,PTEN,C_close_below_50d,2026-05-08,2024-01-17,11.5400,10.1500,10.0485,0.8333,true,2026-05-12,12.0000,2026-05-22,12.3100,open_at_data_tail,0.1589,5.96,0.5534,0.3946,8,open,10,12.8500,111.4,823
PTEN-2024-07-08,PTEN,A_minervini_trail_ma,2026-05-08,2024-07-08,11.0000,9.9300,9.8307,0.8333,true,2026-05-12,12.0000,2026-05-22,12.3100,open_at_data_tail,0.1429,5.36,0.4979,0.3550,8,open,10,12.8500,116.8,653
PTEN-2024-07-08,PTEN,B_fixed_R_multiple,2026-05-08,2024-07-08,11.0000,9.9300,9.8307,0.8333,true,2026-05-12,12.0000,2026-05-22,12.3100,open_at_data_tail,0.1429,5.36,0.4979,0.3550,8,open,10,12.8500,116.8,653
PTEN-2024-07-08,PTEN,C_close_below_50d,2026-05-08,2024-07-08,11.0000,9.9300,9.8307,0.8333,true,2026-05-12,12.0000,2026-05-22,12.3100,open_at_data_tail,0.1429,5.36,0.4979,0.3550,8,open,10,12.8500,116.8,653
PTEN-2024-09-26,PTEN,A_minervini_trail_ma,2026-05-08,2024-09-26,8.5600,7.4200,7.3458,0.7667,true,2026-05-12,12.0000,2026-05-22,12.3100,open_at_data_tail,0.0666,2.50,0.2320,0.1654,8,open,10,12.8500,150.1,553
PTEN-2024-09-26,PTEN,B_fixed_R_multiple,2026-05-08,2024-09-26,8.5600,7.4200,7.3458,0.7667,true,2026-05-12,12.0000,2026-05-22,12.3100,open_at_data_tail,0.0666,2.50,0.2320,0.1654,8,open,10,12.8500,150.1,553
PTEN-2024-09-26,PTEN,C_close_below_50d,2026-05-08,2024-09-26,8.5600,7.4200,7.3458,0.7667,true,2026-05-12,12.0000,2026-05-22,12.3100,open_at_data_tail,0.0666,2.50,0.2320,0.1654,8,open,10,12.8500,150.1,553
PTEN-2025-02-03,PTEN,A_minervini_trail_ma,2026-05-08,2025-02-03,9.2300,7.1500,7.0785,0.7667,true,2026-05-12,12.0000,2026-05-22,12.3100,open_at_data_tail,0.0630,2.36,0.2194,0.1565,8,open,10,12.8500,139.2,428
PTEN-2025-02-03,PTEN,B_fixed_R_multiple,2026-05-08,2025-02-03,9.2300,7.1500,7.0785,0.7667,true,2026-05-12,12.0000,2026-05-22,12.3100,open_at_data_tail,0.0630,2.36,0.2194,0.1565,8,open,10,12.8500,139.2,428
PTEN-2025-02-03,PTEN,C_close_below_50d,2026-05-08,2025-02-03,9.2300,7.1500,7.0785,0.7667,true,2026-05-12,12.0000,2026-05-22,12.3100,open_at_data_tail,0.0630,2.36,0.2194,0.1565,8,open,10,12.8500,139.2,428
PTEN-2025-03-06,PTEN,A_minervini_trail_ma,2026-05-08,2025-03-06,8.5700,5.4600,5.4054,0.7667,true,2026-05-12,12.0000,2026-05-22,12.3100,open_at_data_tail,0.0470,1.76,0.1638,0.1168,8,open,10,12.8500,149.9,395
PTEN-2025-03-06,PTEN,B_fixed_R_multiple,2026-05-08,2025-03-06,8.5700,5.4600,5.4054,0.7667,true,2026-05-12,12.0000,2026-05-22,12.3100,open_at_data_tail,0.0470,1.76,0.1638,0.1168,8,open,10,12.8500,149.9,395
PTEN-2025-03-06,PTEN,C_close_below_50d,2026-05-08,2025-03-06,8.5700,5.4600,5.4054,0.7667,true,2026-05-12,12.0000,2026-05-22,12.3100,open_at_data_tail,0.0470,1.76,0.1638,0.1168,8,open,10,12.8500,149.9,395
PTEN-2025-04-10,PTEN,A_minervini_trail_ma,2026-05-08,2025-04-10,6.1000,5.6400,5.5836,0.8333,true,2026-05-12,12.0000,2026-05-22,12.3100,open_at_data_tail,0.0483,1.81,0.1683,0.1200,8,open,10,12.8500,210.7,373
PTEN-2025-04-10,PTEN,B_fixed_R_multiple,2026-05-08,2025-04-10,6.1000,5.6400,5.5836,0.8333,true,2026-05-12,12.0000,2026-05-22,12.3100,open_at_data_tail,0.0483,1.81,0.1683,0.1200,8,open,10,12.8500,210.7,373
PTEN-2025-04-10,PTEN,C_close_below_50d,2026-05-08,2025-04-10,6.1000,5.6400,5.5836,0.8333,true,2026-05-12,12.0000,2026-05-22,12.3100,open_at_data_tail,0.0483,1.81,0.1683,0.1200,8,open,10,12.8500,210.7,373
PTEN-2025-05-06,PTEN,A_minervini_trail_ma,2026-05-08,2025-05-06,6.3700,5.5100,5.4549,0.7667,true,2026-05-12,12.0000,2026-05-22,12.3100,open_at_data_tail,0.0474,1.78,0.1650,0.1176,8,open,10,12.8500,201.7,340
PTEN-2025-05-06,PTEN,B_fixed_R_multiple,2026-05-08,2025-05-06,6.3700,5.5100,5.4549,0.7667,true,2026-05-12,12.0000,2026-05-22,12.3100,open_at_data_tail,0.0474,1.78,0.1650,0.1176,8,open,10,12.8500,201.7,340
PTEN-2025-05-06,PTEN,C_close_below_50d,2026-05-08,2025-05-06,6.3700,5.5100,5.4549,0.7667,true,2026-05-12,12.0000,2026-05-22,12.3100,open_at_data_tail,0.0474,1.78,0.1650,0.1176,8,open,10,12.8500,201.7,340
PTEN-2025-08-20,PTEN,A_minervini_trail_ma,2026-05-08,2025-08-20,5.8300,5.1800,5.1282,0.9333,true,2026-05-12,12.0000,2026-05-22,12.3100,open_at_data_tail,0.0451,1.69,0.1572,0.1121,8,open,10,12.8500,220.4,220
PTEN-2025-08-20,PTEN,B_fixed_R_multiple,2026-05-08,2025-08-20,5.8300,5.1800,5.1282,0.9333,true,2026-05-12,12.0000,2026-05-22,12.3100,open_at_data_tail,0.0451,1.69,0.1572,0.1121,8,open,10,12.8500,220.4,220
PTEN-2025-08-20,PTEN,C_close_below_50d,2026-05-08,2025-08-20,5.8300,5.1800,5.1282,0.9333,true,2026-05-12,12.0000,2026-05-22,12.3100,open_at_data_tail,0.0451,1.69,0.1572,0.1121,8,open,10,12.8500,220.4,220
RLMD-2021-10-27,RLMD,A_minervini_trail_ma,2026-05-12,2021-10-27,26.2900,16.9300,16.7607,0.7667,false,,,,,untriggered,,,,,,untriggered,8,7.4900,28.5,1621
RLMD-2021-10-27,RLMD,B_fixed_R_multiple,2026-05-12,2021-10-27,26.2900,16.9300,16.7607,0.7667,false,,,,,untriggered,,,,,,untriggered,8,7.4900,28.5,1621
RLMD-2021-10-27,RLMD,C_close_below_50d,2026-05-12,2021-10-27,26.2900,16.9300,16.7607,0.7667,false,,,,,untriggered,,,,,,untriggered,8,7.4900,28.5,1621
RLMD-2021-12-03,RLMD,A_minervini_trail_ma,2026-05-12,2021-12-03,23.6700,16.7200,16.5528,0.9333,false,,,,,untriggered,,,,,,untriggered,8,7.4900,31.6,1559
RLMD-2021-12-03,RLMD,B_fixed_R_multiple,2026-05-12,2021-12-03,23.6700,16.7200,16.5528,0.9333,false,,,,,untriggered,,,,,,untriggered,8,7.4900,31.6,1559
RLMD-2021-12-03,RLMD,C_close_below_50d,2026-05-12,2021-12-03,23.6700,16.7200,16.5528,0.9333,false,,,,,untriggered,,,,,,untriggered,8,7.4900,31.6,1559
RLMD-2022-05-12,RLMD,A_minervini_trail_ma,2026-05-12,2022-05-12,22.2100,17.9800,17.8002,0.7667,false,,,,,untriggered,,,,,,untriggered,8,7.4900,33.7,1436
RLMD-2022-05-12,RLMD,B_fixed_R_multiple,2026-05-12,2022-05-12,22.2100,17.9800,17.8002,0.7667,false,,,,,untriggered,,,,,,untriggered,8,7.4900,33.7,1436
RLMD-2022-05-12,RLMD,C_close_below_50d,2026-05-12,2022-05-12,22.2100,17.9800,17.8002,0.7667,false,,,,,untriggered,,,,,,untriggered,8,7.4900,33.7,1436
RLMD-2023-03-24,RLMD,A_minervini_trail_ma,2026-05-12,2023-03-24,2.4900,2.2200,2.1978,0.7667,true,2026-05-14,7.4800,2026-05-15,6.9000,close_below_50d,-0.1098,-4.12,0.0114,0.1212,1,closed,8,7.4900,300.8,1133
RLMD-2023-03-24,RLMD,B_fixed_R_multiple,2026-05-12,2023-03-24,2.4900,2.2200,2.1978,0.7667,true,2026-05-14,7.4800,2026-05-22,7.0400,open_at_data_tail,-0.0833,-3.12,0.0114,0.0947,6,open,8,7.4900,300.8,1133
RLMD-2023-03-24,RLMD,C_close_below_50d,2026-05-12,2023-03-24,2.4900,2.2200,2.1978,0.7667,true,2026-05-14,7.4800,2026-05-15,6.9000,close_below_50d,-0.1098,-4.12,0.0114,0.1212,1,closed,8,7.4900,300.8,1133
RLMD-2023-05-16,RLMD,A_minervini_trail_ma,2026-05-12,2023-05-16,3.3200,2.5500,2.5245,0.7667,true,2026-05-14,7.4800,2026-05-15,6.9000,close_below_50d,-0.1170,-4.39,0.0121,0.1291,1,closed,8,7.4900,225.6,1062
RLMD-2023-05-16,RLMD,B_fixed_R_multiple,2026-05-12,2023-05-16,3.3200,2.5500,2.5245,0.7667,true,2026-05-14,7.4800,2026-05-22,7.0400,open_at_data_tail,-0.0888,-3.33,0.0121,0.1009,6,open,8,7.4900,225.6,1062
RLMD-2023-05-16,RLMD,C_close_below_50d,2026-05-12,2023-05-16,3.3200,2.5500,2.5245,0.7667,true,2026-05-14,7.4800,2026-05-15,6.9000,close_below_50d,-0.1170,-4.39,0.0121,0.1291,1,closed,8,7.4900,225.6,1062
RLMD-2023-06-15,RLMD,A_minervini_trail_ma,2026-05-12,2023-06-15,2.8600,2.4200,2.3958,0.7667,true,2026-05-14,7.4800,2026-05-15,6.9000,close_below_50d,-0.1141,-4.28,0.0118,0.1259,1,closed,8,7.4900,261.9,1050
RLMD-2023-06-15,RLMD,B_fixed_R_multiple,2026-05-12,2023-06-15,2.8600,2.4200,2.3958,0.7667,true,2026-05-14,7.4800,2026-05-22,7.0400,open_at_data_tail,-0.0865,-3.25,0.0118,0.0983,6,open,8,7.4900,261.9,1050
RLMD-2023-06-15,RLMD,C_close_below_50d,2026-05-12,2023-06-15,2.8600,2.4200,2.3958,0.7667,true,2026-05-14,7.4800,2026-05-15,6.9000,close_below_50d,-0.1141,-4.28,0.0118,0.1259,1,closed,8,7.4900,261.9,1050
RLMD-2023-06-27,RLMD,A_minervini_trail_ma,2026-05-12,2023-06-27,2.9700,2.4800,2.4552,0.8333,true,2026-05-14,7.4800,2026-05-15,6.9000,close_below_50d,-0.1154,-4.33,0.0119,0.1274,1,closed,8,7.4900,252.2,1020
RLMD-2023-06-27,RLMD,B_fixed_R_multiple,2026-05-12,2023-06-27,2.9700,2.4800,2.4552,0.8333,true,2026-05-14,7.4800,2026-05-22,7.0400,open_at_data_tail,-0.0876,-3.28,0.0119,0.0995,6,open,8,7.4900,252.2,1020
RLMD-2023-06-27,RLMD,C_close_below_50d,2026-05-12,2023-06-27,2.9700,2.4800,2.4552,0.8333,true,2026-05-14,7.4800,2026-05-15,6.9000,close_below_50d,-0.1154,-4.33,0.0119,0.1274,1,closed,8,7.4900,252.2,1020
RLMD-2023-08-17,RLMD,A_minervini_trail_ma,2026-05-12,2023-08-17,3.7900,2.7900,2.7621,0.9333,true,2026-05-14,7.4800,2026-05-15,6.9000,close_below_50d,-0.1229,-4.61,0.0127,0.1357,1,closed,8,7.4900,197.6,966
RLMD-2023-08-17,RLMD,B_fixed_R_multiple,2026-05-12,2023-08-17,3.7900,2.7900,2.7621,0.9333,true,2026-05-14,7.4800,2026-05-22,7.0400,open_at_data_tail,-0.0933,-3.50,0.0127,0.1060,6,open,8,7.4900,197.6,966
RLMD-2023-08-17,RLMD,C_close_below_50d,2026-05-12,2023-08-17,3.7900,2.7900,2.7621,0.9333,true,2026-05-14,7.4800,2026-05-15,6.9000,close_below_50d,-0.1229,-4.61,0.0127,0.1357,1,closed,8,7.4900,197.6,966
RLMD-2024-11-26,RLMD,A_minervini_trail_ma,2026-05-12,2024-11-26,3.2900,0.3530,0.3495,0.7667,true,2026-05-14,7.4800,2026-05-15,6.9000,close_below_50d,-0.0813,-3.05,0.0084,0.0898,1,closed,8,7.4900,227.7,510
RLMD-2024-11-26,RLMD,B_fixed_R_multiple,2026-05-12,2024-11-26,3.2900,0.3530,0.3495,0.7667,true,2026-05-14,7.4800,2026-05-22,7.0400,open_at_data_tail,-0.0617,-2.31,0.0084,0.0701,6,open,8,7.4900,227.7,510
RLMD-2024-11-26,RLMD,C_close_below_50d,2026-05-12,2024-11-26,3.2900,0.3530,0.3495,0.7667,true,2026-05-14,7.4800,2026-05-15,6.9000,close_below_50d,-0.0813,-3.05,0.0084,0.0898,1,closed,8,7.4900,227.7,510
RLMD-2024-12-18,RLMD,A_minervini_trail_ma,2026-05-12,2024-12-18,0.5200,0.3400,0.3366,0.7667,true,2026-05-14,7.4800,2026-05-15,6.9000,close_below_50d,-0.0812,-3.04,0.0084,0.0896,1,closed,8,7.4900,1440.4,463
RLMD-2024-12-18,RLMD,B_fixed_R_multiple,2026-05-12,2024-12-18,0.5200,0.3400,0.3366,0.7667,true,2026-05-14,7.4800,2026-05-22,7.0400,open_at_data_tail,-0.0616,-2.31,0.0084,0.0700,6,open,8,7.4900,1440.4,463
RLMD-2024-12-18,RLMD,C_close_below_50d,2026-05-12,2024-12-18,0.5200,0.3400,0.3366,0.7667,true,2026-05-14,7.4800,2026-05-15,6.9000,close_below_50d,-0.0812,-3.04,0.0084,0.0896,1,closed,8,7.4900,1440.4,463
RLMD-2025-06-30,RLMD,A_minervini_trail_ma,2026-05-12,2025-06-30,0.6700,0.5770,0.5712,0.7667,true,2026-05-14,7.4800,2026-05-15,6.9000,close_below_50d,-0.0840,-3.15,0.0087,0.0926,1,closed,8,7.4900,1117.9,298
RLMD-2025-06-30,RLMD,B_fixed_R_multiple,2026-05-12,2025-06-30,0.6700,0.5770,0.5712,0.7667,true,2026-05-14,7.4800,2026-05-22,7.0400,open_at_data_tail,-0.0637,-2.39,0.0087,0.0724,6,open,8,7.4900,1117.9,298
RLMD-2025-06-30,RLMD,C_close_below_50d,2026-05-12,2025-06-30,0.6700,0.5770,0.5712,0.7667,true,2026-05-14,7.4800,2026-05-15,6.9000,close_below_50d,-0.0840,-3.15,0.0087,0.0926,1,closed,8,7.4900,1117.9,298
RLMD-2025-07-18,RLMD,A_minervini_trail_ma,2026-05-12,2025-07-18,0.7190,0.5630,0.5574,0.7667,true,2026-05-14,7.4800,2026-05-15,6.9000,close_below_50d,-0.0838,-3.14,0.0087,0.0925,1,closed,8,7.4900,1041.7,274
RLMD-2025-07-18,RLMD,B_fixed_R_multiple,2026-05-12,2025-07-18,0.7190,0.5630,0.5574,0.7667,true,2026-05-14,7.4800,2026-05-22,7.0400,open_at_data_tail,-0.0636,-2.38,0.0087,0.0722,6,open,8,7.4900,1041.7,274
RLMD-2025-07-18,RLMD,C_close_below_50d,2026-05-12,2025-07-18,0.7190,0.5630,0.5574,0.7667,true,2026-05-14,7.4800,2026-05-15,6.9000,close_below_50d,-0.0838,-3.14,0.0087,0.0925,1,closed,8,7.4900,1041.7,274
RLMD-2026-01-16,RLMD,A_minervini_trail_ma,2026-05-04,2026-01-16,4.1000,3.5500,3.5145,0.8201,true,2026-05-14,7.4800,2026-05-15,6.9000,close_below_50d,-0.1463,-5.48,0.0151,0.1614,1,closed,8,7.4900,182.7,102
RLMD-2026-01-16,RLMD,B_fixed_R_multiple,2026-05-04,2026-01-16,4.1000,3.5500,3.5145,0.8201,true,2026-05-14,7.4800,2026-05-22,7.0400,open_at_data_tail,-0.1110,-4.16,0.0151,0.1261,6,open,8,7.4900,182.7,102
RLMD-2026-01-16,RLMD,C_close_below_50d,2026-05-04,2026-01-16,4.1000,3.5500,3.5145,0.8201,true,2026-05-14,7.4800,2026-05-15,6.9000,close_below_50d,-0.1463,-5.48,0.0151,0.1614,1,closed,8,7.4900,182.7,102
RLMD-2026-01-30,RLMD,A_minervini_trail_ma,2026-04-23,2026-01-30,4.2000,3.6400,3.6036,0.7690,true,2026-05-14,7.4800,2026-05-15,6.9000,close_below_50d,-0.1496,-5.61,0.0155,0.1651,1,closed,8,7.4900,178.3,84
RLMD-2026-01-30,RLMD,B_fixed_R_multiple,2026-04-23,2026-01-30,4.2000,3.6400,3.6036,0.7690,true,2026-05-14,7.4800,2026-05-22,7.0400,open_at_data_tail,-0.1135,-4.26,0.0155,0.1290,6,open,8,7.4900,178.3,84
RLMD-2026-01-30,RLMD,C_close_below_50d,2026-04-23,2026-01-30,4.2000,3.6400,3.6036,0.7690,true,2026-05-14,7.4800,2026-05-15,6.9000,close_below_50d,-0.1496,-5.61,0.0155,0.1651,1,closed,8,7.4900,178.3,84
RNG-2021-12-16,RNG,A_minervini_trail_ma,2026-04-30,2021-12-16,194.5300,172.3500,170.6265,0.7667,false,,,,,untriggered,,,,,,untriggered,8,47.7500,24.5,1574
RNG-2021-12-16,RNG,B_fixed_R_multiple,2026-04-30,2021-12-16,194.5300,172.3500,170.6265,0.7667,false,,,,,untriggered,,,,,,untriggered,8,47.7500,24.5,1574
RNG-2021-12-16,RNG,C_close_below_50d,2026-04-30,2021-12-16,194.5300,172.3500,170.6265,0.7667,false,,,,,untriggered,,,,,,untriggered,8,47.7500,24.5,1574
RNG-2022-01-27,RNG,A_minervini_trail_ma,2026-04-30,2022-01-27,176.4900,155.7400,154.1826,0.7667,false,,,,,untriggered,,,,,,untriggered,8,47.7500,27.1,1547
RNG-2022-01-27,RNG,B_fixed_R_multiple,2026-04-30,2022-01-27,176.4900,155.7400,154.1826,0.7667,false,,,,,untriggered,,,,,,untriggered,8,47.7500,27.1,1547
RNG-2022-01-27,RNG,C_close_below_50d,2026-04-30,2022-01-27,176.4900,155.7400,154.1826,0.7667,false,,,,,untriggered,,,,,,untriggered,8,47.7500,27.1,1547
RNG-2022-05-24,RNG,A_minervini_trail_ma,2026-04-29,2022-05-24,67.9800,48.6900,48.2031,0.7667,false,,,,,untriggered,,,,,,untriggered,9,47.7500,70.2,1415
RNG-2022-05-24,RNG,B_fixed_R_multiple,2026-04-29,2022-05-24,67.9800,48.6900,48.2031,0.7667,false,,,,,untriggered,,,,,,untriggered,9,47.7500,70.2,1415
RNG-2022-05-24,RNG,C_close_below_50d,2026-04-29,2022-05-24,67.9800,48.6900,48.2031,0.7667,false,,,,,untriggered,,,,,,untriggered,9,47.7500,70.2,1415
RNG-2022-06-30,RNG,A_minervini_trail_ma,2026-04-29,2022-06-30,61.3300,47.9300,47.4507,0.7667,false,,,,,untriggered,,,,,,untriggered,9,47.7500,77.9,1385
RNG-2022-06-30,RNG,B_fixed_R_multiple,2026-04-29,2022-06-30,61.3300,47.9300,47.4507,0.7667,false,,,,,untriggered,,,,,,untriggered,9,47.7500,77.9,1385
RNG-2022-06-30,RNG,C_close_below_50d,2026-04-29,2022-06-30,61.3300,47.9300,47.4507,0.7667,false,,,,,untriggered,,,,,,untriggered,9,47.7500,77.9,1385
RNG-2022-07-14,RNG,A_minervini_trail_ma,2026-04-30,2022-07-14,58.3400,48.7100,48.2229,0.8333,false,,,,,untriggered,,,,,,untriggered,8,47.7500,81.8,1368
RNG-2022-07-14,RNG,B_fixed_R_multiple,2026-04-30,2022-07-14,58.3400,48.7100,48.2229,0.8333,false,,,,,untriggered,,,,,,untriggered,8,47.7500,81.8,1368
RNG-2022-07-14,RNG,C_close_below_50d,2026-04-30,2022-07-14,58.3400,48.7100,48.2229,0.8333,false,,,,,untriggered,,,,,,untriggered,8,47.7500,81.8,1368
RNG-2022-08-29,RNG,A_minervini_trail_ma,2026-04-30,2022-08-29,46.6200,39.7100,39.3129,0.7667,true,2026-05-05,47.4000,2026-05-12,41.8700,open_at_data_tail,-0.6838,-25.64,0.1447,0.8285,5,open,8,47.7500,102.4,1305
RNG-2022-08-29,RNG,B_fixed_R_multiple,2026-04-30,2022-08-29,46.6200,39.7100,39.3129,0.7667,true,2026-05-05,47.4000,2026-05-12,41.8700,open_at_data_tail,-0.6838,-25.64,0.1447,0.8285,5,open,8,47.7500,102.4,1305
RNG-2022-08-29,RNG,C_close_below_50d,2026-04-30,2022-08-29,46.6200,39.7100,39.3129,0.7667,true,2026-05-05,47.4000,2026-05-12,41.8700,open_at_data_tail,-0.6838,-25.64,0.1447,0.8285,5,open,8,47.7500,102.4,1305
RNG-2022-11-22,RNG,A_minervini_trail_ma,2026-04-30,2022-11-22,38.8700,35.3400,34.9866,0.8333,true,2026-05-04,45.3300,2026-05-12,41.8700,open_at_data_tail,-0.3345,-12.54,0.3132,0.6478,6,open,8,47.7500,122.8,1240
RNG-2022-11-22,RNG,B_fixed_R_multiple,2026-04-30,2022-11-22,38.8700,35.3400,34.9866,0.8333,true,2026-05-04,45.3300,2026-05-12,41.8700,open_at_data_tail,-0.3345,-12.54,0.3132,0.6478,6,open,8,47.7500,122.8,1240
RNG-2022-11-22,RNG,C_close_below_50d,2026-04-30,2022-11-22,38.8700,35.3400,34.9866,0.8333,true,2026-05-04,45.3300,2026-05-12,41.8700,open_at_data_tail,-0.3345,-12.54,0.3132,0.6478,6,open,8,47.7500,122.8,1240
RNG-2023-06-09,RNG,A_minervini_trail_ma,2026-04-30,2023-06-09,35.9300,32.0700,31.7493,0.7667,true,2026-05-04,45.3300,2026-05-12,41.8700,open_at_data_tail,-0.2548,-9.55,0.2386,0.4933,6,open,8,47.7500,132.9,1042
RNG-2023-06-09,RNG,B_fixed_R_multiple,2026-04-30,2023-06-09,35.9300,32.0700,31.7493,0.7667,true,2026-05-04,45.3300,2026-05-12,41.8700,open_at_data_tail,-0.2548,-9.55,0.2386,0.4933,6,open,8,47.7500,132.9,1042
RNG-2023-06-09,RNG,C_close_below_50d,2026-04-30,2023-06-09,35.9300,32.0700,31.7493,0.7667,true,2026-05-04,45.3300,2026-05-12,41.8700,open_at_data_tail,-0.2548,-9.55,0.2386,0.4933,6,open,8,47.7500,132.9,1042
RNG-2023-09-21,RNG,A_minervini_trail_ma,2026-04-30,2023-09-21,30.4600,25.3000,25.0470,0.7667,true,2026-05-04,45.3300,2026-05-12,41.8700,open_at_data_tail,-0.1706,-6.40,0.1597,0.3303,6,open,8,47.7500,156.8,916
RNG-2023-09-21,RNG,B_fixed_R_multiple,2026-04-30,2023-09-21,30.4600,25.3000,25.0470,0.7667,true,2026-05-04,45.3300,2026-05-12,41.8700,open_at_data_tail,-0.1706,-6.40,0.1597,0.3303,6,open,8,47.7500,156.8,916
RNG-2023-09-21,RNG,C_close_below_50d,2026-04-30,2023-09-21,30.4600,25.3000,25.0470,0.7667,true,2026-05-04,45.3300,2026-05-12,41.8700,open_at_data_tail,-0.1706,-6.40,0.1597,0.3303,6,open,8,47.7500,156.8,916
RNG-2023-10-27,RNG,A_minervini_trail_ma,2026-04-30,2023-10-27,29.0100,26.3300,26.0667,0.8333,true,2026-05-04,45.3300,2026-05-12,41.8700,open_at_data_tail,-0.1796,-6.74,0.1682,0.3478,6,open,8,47.7500,164.6,899
RNG-2023-10-27,RNG,B_fixed_R_multiple,2026-04-30,2023-10-27,29.0100,26.3300,26.0667,0.8333,true,2026-05-04,45.3300,2026-05-12,41.8700,open_at_data_tail,-0.1796,-6.74,0.1682,0.3478,6,open,8,47.7500,164.6,899
RNG-2023-10-27,RNG,C_close_below_50d,2026-04-30,2023-10-27,29.0100,26.3300,26.0667,0.8333,true,2026-05-04,45.3300,2026-05-12,41.8700,open_at_data_tail,-0.1796,-6.74,0.1682,0.3478,6,open,8,47.7500,164.6,899
RNG-2023-12-12,RNG,A_minervini_trail_ma,2026-04-30,2023-12-12,34.9700,31.0000,30.6900,0.7667,true,2026-05-04,45.3300,2026-05-12,41.8700,open_at_data_tail,-0.2363,-8.86,0.2213,0.4577,6,open,8,47.7500,136.5,848
RNG-2023-12-12,RNG,B_fixed_R_multiple,2026-04-30,2023-12-12,34.9700,31.0000,30.6900,0.7667,true,2026-05-04,45.3300,2026-05-12,41.8700,open_at_data_tail,-0.2363,-8.86,0.2213,0.4577,6,open,8,47.7500,136.5,848
RNG-2023-12-12,RNG,C_close_below_50d,2026-04-30,2023-12-12,34.9700,31.0000,30.6900,0.7667,true,2026-05-04,45.3300,2026-05-12,41.8700,open_at_data_tail,-0.2363,-8.86,0.2213,0.4577,6,open,8,47.7500,136.5,848
RNG-2024-01-03,RNG,A_minervini_trail_ma,2026-04-30,2024-01-03,36.1900,30.2200,29.9178,0.7667,true,2026-05-04,45.3300,2026-05-12,41.8700,open_at_data_tail,-0.2245,-8.42,0.2102,0.4347,6,open,8,47.7500,131.9,798
RNG-2024-01-03,RNG,B_fixed_R_multiple,2026-04-30,2024-01-03,36.1900,30.2200,29.9178,0.7667,true,2026-05-04,45.3300,2026-05-12,41.8700,open_at_data_tail,-0.2245,-8.42,0.2102,0.4347,6,open,8,47.7500,131.9,798
RNG-2024-01-03,RNG,C_close_below_50d,2026-04-30,2024-01-03,36.1900,30.2200,29.9178,0.7667,true,2026-05-04,45.3300,2026-05-12,41.8700,open_at_data_tail,-0.2245,-8.42,0.2102,0.4347,6,open,8,47.7500,131.9,798
RNG-2024-02-22,RNG,A_minervini_trail_ma,2026-04-30,2024-02-22,36.3400,29.2500,28.9575,0.7667,true,2026-05-04,45.3300,2026-05-12,41.8700,open_at_data_tail,-0.2113,-7.92,0.1979,0.4092,6,open,8,47.7500,131.4,742
RNG-2024-02-22,RNG,B_fixed_R_multiple,2026-04-30,2024-02-22,36.3400,29.2500,28.9575,0.7667,true,2026-05-04,45.3300,2026-05-12,41.8700,open_at_data_tail,-0.2113,-7.92,0.1979,0.4092,6,open,8,47.7500,131.4,742
RNG-2024-02-22,RNG,C_close_below_50d,2026-04-30,2024-02-22,36.3400,29.2500,28.9575,0.7667,true,2026-05-04,45.3300,2026-05-12,41.8700,open_at_data_tail,-0.2113,-7.92,0.1979,0.4092,6,open,8,47.7500,131.4,742
RNG-2025-08-11,RNG,A_minervini_trail_ma,2026-04-30,2025-08-11,32.4400,26.3900,26.1261,0.7667,true,2026-05-04,45.3300,2026-05-12,41.8700,open_at_data_tail,-0.1802,-6.76,0.1687,0.3489,6,open,8,47.7500,147.2,202
RNG-2025-08-11,RNG,B_fixed_R_multiple,2026-04-30,2025-08-11,32.4400,26.3900,26.1261,0.7667,true,2026-05-04,45.3300,2026-05-12,41.8700,open_at_data_tail,-0.1802,-6.76,0.1687,0.3489,6,open,8,47.7500,147.2,202
RNG-2025-08-11,RNG,C_close_below_50d,2026-04-30,2025-08-11,32.4400,26.3900,26.1261,0.7667,true,2026-05-04,45.3300,2026-05-12,41.8700,open_at_data_tail,-0.1802,-6.76,0.1687,0.3489,6,open,8,47.7500,147.2,202
RNG-2025-10-10,RNG,A_minervini_trail_ma,2026-04-30,2025-10-10,30.4800,26.1200,25.8588,0.9333,true,2026-05-04,45.3300,2026-05-12,41.8700,open_at_data_tail,-0.1777,-6.66,0.1664,0.3441,6,open,8,47.7500,156.7,161
RNG-2025-10-10,RNG,B_fixed_R_multiple,2026-04-30,2025-10-10,30.4800,26.1200,25.8588,0.9333,true,2026-05-04,45.3300,2026-05-12,41.8700,open_at_data_tail,-0.1777,-6.66,0.1664,0.3441,6,open,8,47.7500,156.7,161
RNG-2025-10-10,RNG,C_close_below_50d,2026-04-30,2025-10-10,30.4800,26.1200,25.8588,0.9333,true,2026-05-04,45.3300,2026-05-12,41.8700,open_at_data_tail,-0.1777,-6.66,0.1664,0.3441,6,open,8,47.7500,156.7,161
RNG-2026-01-02,RNG,A_minervini_trail_ma,2026-04-30,2026-01-02,29.8800,24.8200,24.5718,0.7182,true,2026-05-04,45.3300,2026-05-12,41.8700,open_at_data_tail,-0.1667,-6.25,0.1561,0.3228,6,open,8,47.7500,159.8,86
RNG-2026-01-02,RNG,B_fixed_R_multiple,2026-04-30,2026-01-02,29.8800,24.8200,24.5718,0.7182,true,2026-05-04,45.3300,2026-05-12,41.8700,open_at_data_tail,-0.1667,-6.25,0.1561,0.3228,6,open,8,47.7500,159.8,86
RNG-2026-01-02,RNG,C_close_below_50d,2026-04-30,2026-01-02,29.8800,24.8200,24.5718,0.7182,true,2026-05-04,45.3300,2026-05-12,41.8700,open_at_data_tail,-0.1667,-6.25,0.1561,0.3228,6,open,8,47.7500,159.8,86
RNG-2026-02-03,RNG,A_minervini_trail_ma,2026-04-28,2026-02-03,39.5000,34.4800,34.1352,0.8681,true,2026-04-30,39.6400,2026-05-12,41.8700,open_at_data_tail,0.4051,15.19,1.6222,1.2171,8,open,10,47.7500,120.9,62
RNG-2026-02-03,RNG,B_fixed_R_multiple,2026-04-28,2026-02-03,39.5000,34.4800,34.1352,0.8681,true,2026-04-30,39.6400,2026-05-12,41.8700,open_at_data_tail,0.4051,15.19,1.6222,1.2171,8,open,10,47.7500,120.9,62
RNG-2026-02-03,RNG,C_close_below_50d,2026-04-28,2026-02-03,39.5000,34.4800,34.1352,0.8681,true,2026-04-30,39.6400,2026-05-12,41.8700,open_at_data_tail,0.4051,15.19,1.6222,1.2171,8,open,10,47.7500,120.9,62
RNG-2026-03-27,RNG,A_minervini_trail_ma,2026-04-30,2026-03-27,38.1300,33.4900,33.1551,0.7667,true,2026-05-04,45.3300,2026-05-12,41.8700,open_at_data_tail,-0.2842,-10.66,0.2661,0.5503,6,open,8,47.7500,125.2,20
RNG-2026-03-27,RNG,B_fixed_R_multiple,2026-04-30,2026-03-27,38.1300,33.4900,33.1551,0.7667,true,2026-05-04,45.3300,2026-05-12,41.8700,open_at_data_tail,-0.2842,-10.66,0.2661,0.5503,6,open,8,47.7500,125.2,20
RNG-2026-03-27,RNG,C_close_below_50d,2026-04-30,2026-03-27,38.1300,33.4900,33.1551,0.7667,true,2026-05-04,45.3300,2026-05-12,41.8700,open_at_data_tail,-0.2842,-10.66,0.2661,0.5503,6,open,8,47.7500,125.2,20
TROX-2021-12-20,TROX,A_minervini_trail_ma,2026-04-29,2021-12-20,25.7800,21.8800,21.6612,0.8333,false,,,,,untriggered,,,,,,untriggered,8,10.4800,40.7,1552
TROX-2021-12-20,TROX,B_fixed_R_multiple,2026-04-29,2021-12-20,25.7800,21.8800,21.6612,0.8333,false,,,,,untriggered,,,,,,untriggered,8,10.4800,40.7,1552
TROX-2021-12-20,TROX,C_close_below_50d,2026-04-29,2021-12-20,25.7800,21.8800,21.6612,0.8333,false,,,,,untriggered,,,,,,untriggered,8,10.4800,40.7,1552
TROX-2022-01-28,TROX,A_minervini_trail_ma,2026-04-29,2022-01-28,23.9500,16.0600,15.8994,0.7667,false,,,,,untriggered,,,,,,untriggered,8,10.4800,43.8,1513
TROX-2022-01-28,TROX,B_fixed_R_multiple,2026-04-29,2022-01-28,23.9500,16.0600,15.8994,0.7667,false,,,,,untriggered,,,,,,untriggered,8,10.4800,43.8,1513
TROX-2022-01-28,TROX,C_close_below_50d,2026-04-29,2022-01-28,23.9500,16.0600,15.8994,0.7667,false,,,,,untriggered,,,,,,untriggered,8,10.4800,43.8,1513
TROX-2022-04-29,TROX,A_minervini_trail_ma,2026-04-29,2022-04-29,18.8100,16.5100,16.3449,0.9333,false,,,,,untriggered,,,,,,untriggered,8,10.4800,55.7,1448
TROX-2022-04-29,TROX,B_fixed_R_multiple,2026-04-29,2022-04-29,18.8100,16.5100,16.3449,0.9333,false,,,,,untriggered,,,,,,untriggered,8,10.4800,55.7,1448
TROX-2022-04-29,TROX,C_close_below_50d,2026-04-29,2022-04-29,18.8100,16.5100,16.3449,0.9333,false,,,,,untriggered,,,,,,untriggered,8,10.4800,55.7,1448
TROX-2022-05-12,TROX,A_minervini_trail_ma,2026-04-29,2022-05-12,19.8800,15.7100,15.5529,0.7667,false,,,,,untriggered,,,,,,untriggered,8,10.4800,52.7,1406
TROX-2022-05-12,TROX,B_fixed_R_multiple,2026-04-29,2022-05-12,19.8800,15.7100,15.5529,0.7667,false,,,,,untriggered,,,,,,untriggered,8,10.4800,52.7,1406
TROX-2022-05-12,TROX,C_close_below_50d,2026-04-29,2022-05-12,19.8800,15.7100,15.5529,0.7667,false,,,,,untriggered,,,,,,untriggered,8,10.4800,52.7,1406
TROX-2022-06-23,TROX,A_minervini_trail_ma,2026-04-29,2022-06-23,17.1600,15.1000,14.9490,0.7667,false,,,,,untriggered,,,,,,untriggered,8,10.4800,61.1,1385
TROX-2022-06-23,TROX,B_fixed_R_multiple,2026-04-29,2022-06-23,17.1600,15.1000,14.9490,0.7667,false,,,,,untriggered,,,,,,untriggered,8,10.4800,61.1,1385
TROX-2022-06-23,TROX,C_close_below_50d,2026-04-29,2022-06-23,17.1600,15.1000,14.9490,0.7667,false,,,,,untriggered,,,,,,untriggered,8,10.4800,61.1,1385
TROX-2022-07-14,TROX,A_minervini_trail_ma,2026-04-29,2022-07-14,16.7700,14.9000,14.7510,0.7667,false,,,,,untriggered,,,,,,untriggered,8,10.4800,62.5,1359
TROX-2022-07-14,TROX,B_fixed_R_multiple,2026-04-29,2022-07-14,16.7700,14.9000,14.7510,0.7667,false,,,,,untriggered,,,,,,untriggered,8,10.4800,62.5,1359
TROX-2022-07-14,TROX,C_close_below_50d,2026-04-29,2022-07-14,16.7700,14.9000,14.7510,0.7667,false,,,,,untriggered,,,,,,untriggered,8,10.4800,62.5,1359
TROX-2022-11-21,TROX,A_minervini_trail_ma,2026-04-29,2022-11-21,14.7500,13.1700,13.0383,0.7667,false,,,,,untriggered,,,,,,untriggered,8,10.4800,71.1,1226
TROX-2022-11-21,TROX,B_fixed_R_multiple,2026-04-29,2022-11-21,14.7500,13.1700,13.0383,0.7667,false,,,,,untriggered,,,,,,untriggered,8,10.4800,71.1,1226
TROX-2022-11-21,TROX,C_close_below_50d,2026-04-29,2022-11-21,14.7500,13.1700,13.0383,0.7667,false,,,,,untriggered,,,,,,untriggered,8,10.4800,71.1,1226
TROX-2023-02-24,TROX,A_minervini_trail_ma,2026-04-29,2023-02-24,16.7900,12.9300,12.8007,0.7667,false,,,,,untriggered,,,,,,untriggered,8,10.4800,62.4,1141
TROX-2023-02-24,TROX,B_fixed_R_multiple,2026-04-29,2023-02-24,16.7900,12.9300,12.8007,0.7667,false,,,,,untriggered,,,,,,untriggered,8,10.4800,62.4,1141
TROX-2023-02-24,TROX,C_close_below_50d,2026-04-29,2023-02-24,16.7900,12.9300,12.8007,0.7667,false,,,,,untriggered,,,,,,untriggered,8,10.4800,62.4,1141
TROX-2023-03-15,TROX,A_minervini_trail_ma,2026-04-29,2023-03-15,14.3800,12.5300,12.4047,0.7667,false,,,,,untriggered,,,,,,untriggered,8,10.4800,72.9,1099
TROX-2023-03-15,TROX,B_fixed_R_multiple,2026-04-29,2023-03-15,14.3800,12.5300,12.4047,0.7667,false,,,,,untriggered,,,,,,untriggered,8,10.4800,72.9,1099
TROX-2023-03-15,TROX,C_close_below_50d,2026-04-29,2023-03-15,14.3800,12.5300,12.4047,0.7667,false,,,,,untriggered,,,,,,untriggered,8,10.4800,72.9,1099
TROX-2023-05-16,TROX,A_minervini_trail_ma,2026-04-29,2023-05-16,12.1500,10.6400,10.5336,0.7667,false,,,,,untriggered,,,,,,untriggered,8,10.4800,86.3,1064
TROX-2023-05-16,TROX,B_fixed_R_multiple,2026-04-29,2023-05-16,12.1500,10.6400,10.5336,0.7667,false,,,,,untriggered,,,,,,untriggered,8,10.4800,86.3,1064
TROX-2023-05-16,TROX,C_close_below_50d,2026-04-29,2023-05-16,12.1500,10.6400,10.5336,0.7667,false,,,,,untriggered,,,,,,untriggered,8,10.4800,86.3,1064
TROX-2024-09-10,TROX,A_minervini_trail_ma,2026-04-29,2024-09-10,14.7500,10.8800,10.7712,0.7667,false,,,,,untriggered,,,,,,untriggered,8,10.4800,71.1,531
TROX-2024-09-10,TROX,B_fixed_R_multiple,2026-04-29,2024-09-10,14.7500,10.8800,10.7712,0.7667,false,,,,,untriggered,,,,,,untriggered,8,10.4800,71.1,531
TROX-2024-09-10,TROX,C_close_below_50d,2026-04-29,2024-09-10,14.7500,10.8800,10.7712,0.7667,false,,,,,untriggered,,,,,,untriggered,8,10.4800,71.1,531
TROX-2025-05-07,TROX,A_minervini_trail_ma,2026-04-29,2025-05-07,5.7700,4.7400,4.6926,0.9333,true,2026-05-01,10.0500,2026-05-07,8.4200,close_below_50d,-0.3043,-11.41,0.0915,0.3957,4,closed,8,10.4800,181.6,341
TROX-2025-05-07,TROX,B_fixed_R_multiple,2026-04-29,2025-05-07,5.7700,4.7400,4.6926,0.9333,true,2026-05-01,10.0500,2026-05-11,9.3300,open_at_data_tail,-0.1344,-5.04,0.0915,0.2259,6,open,8,10.4800,181.6,341
TROX-2025-05-07,TROX,C_close_below_50d,2026-04-29,2025-05-07,5.7700,4.7400,4.6926,0.9333,true,2026-05-01,10.0500,2026-05-07,8.4200,close_below_50d,-0.3043,-11.41,0.0915,0.3957,4,closed,8,10.4800,181.6,341
TROX-2025-06-30,TROX,A_minervini_trail_ma,2026-04-29,2025-06-30,5.8500,3.1400,3.1086,0.7667,true,2026-05-01,10.0500,2026-05-07,8.4200,close_below_50d,-0.2348,-8.81,0.0706,0.3054,4,closed,8,10.4800,179.1,264
TROX-2025-06-30,TROX,B_fixed_R_multiple,2026-04-29,2025-06-30,5.8500,3.1400,3.1086,0.7667,true,2026-05-01,10.0500,2026-05-11,9.3300,open_at_data_tail,-0.1037,-3.89,0.0706,0.1743,6,open,8,10.4800,179.1,264
TROX-2025-06-30,TROX,C_close_below_50d,2026-04-29,2025-06-30,5.8500,3.1400,3.1086,0.7667,true,2026-05-01,10.0500,2026-05-07,8.4200,close_below_50d,-0.2348,-8.81,0.0706,0.3054,4,closed,8,10.4800,179.1,264
TROX-2026-02-20,TROX,A_minervini_trail_ma,2026-04-29,2026-02-20,7.4800,6.5400,6.4746,0.8344,true,2026-05-01,10.0500,2026-05-07,8.4200,close_below_50d,-0.4559,-17.10,0.1370,0.5929,4,closed,8,10.4800,140.1,54
TROX-2026-02-20,TROX,B_fixed_R_multiple,2026-04-29,2026-02-20,7.4800,6.5400,6.4746,0.8344,true,2026-05-01,10.0500,2026-05-11,9.3300,open_at_data_tail,-0.2014,-7.55,0.1370,0.3384,6,open,8,10.4800,140.1,54
TROX-2026-02-20,TROX,C_close_below_50d,2026-04-29,2026-02-20,7.4800,6.5400,6.4746,0.8344,true,2026-05-01,10.0500,2026-05-07,8.4200,close_below_50d,-0.4559,-17.10,0.1370,0.5929,4,closed,8,10.4800,140.1,54
TSHA-2022-02-23,TSHA,A_minervini_trail_ma,2026-05-13,2022-02-23,6.5800,5.7200,5.6628,0.7667,false,,,,,untriggered,,,,,,untriggered,1,6.3000,95.7,1531
TSHA-2022-02-23,TSHA,B_fixed_R_multiple,2026-05-13,2022-02-23,6.5800,5.7200,5.6628,0.7667,false,,,,,untriggered,,,,,,untriggered,1,6.3000,95.7,1531
TSHA-2022-02-23,TSHA,C_close_below_50d,2026-05-13,2022-02-23,6.5800,5.7200,5.6628,0.7667,false,,,,,untriggered,,,,,,untriggered,1,6.3000,95.7,1531
TSHA-2022-03-28,TSHA,A_minervini_trail_ma,2026-05-13,2022-03-28,6.7700,3.6600,3.6234,0.7667,false,,,,,untriggered,,,,,,untriggered,1,6.3000,93.1,1475
TSHA-2022-03-28,TSHA,B_fixed_R_multiple,2026-05-13,2022-03-28,6.7700,3.6600,3.6234,0.7667,false,,,,,untriggered,,,,,,untriggered,1,6.3000,93.1,1475
TSHA-2022-03-28,TSHA,C_close_below_50d,2026-05-13,2022-03-28,6.7700,3.6600,3.6234,0.7667,false,,,,,untriggered,,,,,,untriggered,1,6.3000,93.1,1475
TSHA-2022-07-29,TSHA,A_minervini_trail_ma,2026-05-13,2022-07-29,4.8800,3.9500,3.9105,0.7667,false,,,,,untriggered,,,,,,untriggered,1,6.3000,129.1,1371
TSHA-2022-07-29,TSHA,B_fixed_R_multiple,2026-05-13,2022-07-29,4.8800,3.9500,3.9105,0.7667,false,,,,,untriggered,,,,,,untriggered,1,6.3000,129.1,1371
TSHA-2022-07-29,TSHA,C_close_below_50d,2026-05-13,2022-07-29,4.8800,3.9500,3.9105,0.7667,false,,,,,untriggered,,,,,,untriggered,1,6.3000,129.1,1371
TSHA-2022-09-07,TSHA,A_minervini_trail_ma,2026-05-13,2022-09-07,3.6800,1.7600,1.7424,0.7667,false,,,,,untriggered,,,,,,untriggered,1,6.3000,171.2,1325
TSHA-2022-09-07,TSHA,B_fixed_R_multiple,2026-05-13,2022-09-07,3.6800,1.7600,1.7424,0.7667,false,,,,,untriggered,,,,,,untriggered,1,6.3000,171.2,1325
TSHA-2022-09-07,TSHA,C_close_below_50d,2026-05-13,2022-09-07,3.6800,1.7600,1.7424,0.7667,false,,,,,untriggered,,,,,,untriggered,1,6.3000,171.2,1325
TSHA-2022-12-07,TSHA,A_minervini_trail_ma,2026-05-13,2022-12-07,2.3700,1.9100,1.8909,0.7667,false,,,,,untriggered,,,,,,untriggered,1,6.3000,265.8,1233
TSHA-2022-12-07,TSHA,B_fixed_R_multiple,2026-05-13,2022-12-07,2.3700,1.9100,1.8909,0.7667,false,,,,,untriggered,,,,,,untriggered,1,6.3000,265.8,1233
TSHA-2022-12-07,TSHA,C_close_below_50d,2026-05-13,2022-12-07,2.3700,1.9100,1.8909,0.7667,false,,,,,untriggered,,,,,,untriggered,1,6.3000,265.8,1233
TSHA-2023-04-10,TSHA,A_minervini_trail_ma,2026-05-13,2023-04-10,0.8700,0.6380,0.6316,0.7667,false,,,,,untriggered,,,,,,untriggered,1,6.3000,724.1,1114
TSHA-2023-04-10,TSHA,B_fixed_R_multiple,2026-05-13,2023-04-10,0.8700,0.6380,0.6316,0.7667,false,,,,,untriggered,,,,,,untriggered,1,6.3000,724.1,1114
TSHA-2023-04-10,TSHA,C_close_below_50d,2026-05-13,2023-04-10,0.8700,0.6380,0.6316,0.7667,false,,,,,untriggered,,,,,,untriggered,1,6.3000,724.1,1114
TSHA-2023-12-20,TSHA,A_minervini_trail_ma,2026-05-13,2023-12-20,1.9200,1.4300,1.4157,0.8333,false,,,,,untriggered,,,,,,untriggered,1,6.3000,328.1,846
TSHA-2023-12-20,TSHA,B_fixed_R_multiple,2026-05-13,2023-12-20,1.9200,1.4300,1.4157,0.8333,false,,,,,untriggered,,,,,,untriggered,1,6.3000,328.1,846
TSHA-2023-12-20,TSHA,C_close_below_50d,2026-05-13,2023-12-20,1.9200,1.4300,1.4157,0.8333,false,,,,,untriggered,,,,,,untriggered,1,6.3000,328.1,846
TSHA-2024-04-04,TSHA,A_minervini_trail_ma,2026-05-13,2024-04-04,3.2200,2.2700,2.2473,0.7667,false,,,,,untriggered,,,,,,untriggered,1,6.3000,195.7,754
TSHA-2024-04-04,TSHA,B_fixed_R_multiple,2026-05-13,2024-04-04,3.2200,2.2700,2.2473,0.7667,false,,,,,untriggered,,,,,,untriggered,1,6.3000,195.7,754
TSHA-2024-04-04,TSHA,C_close_below_50d,2026-05-13,2024-04-04,3.2200,2.2700,2.2473,0.7667,false,,,,,untriggered,,,,,,untriggered,1,6.3000,195.7,754
TSHA-2024-06-26,TSHA,A_minervini_trail_ma,2026-05-13,2024-06-26,2.4600,2.0200,1.9998,0.7667,false,,,,,untriggered,,,,,,untriggered,1,6.3000,256.1,646
TSHA-2024-06-26,TSHA,B_fixed_R_multiple,2026-05-13,2024-06-26,2.4600,2.0200,1.9998,0.7667,false,,,,,untriggered,,,,,,untriggered,1,6.3000,256.1,646
TSHA-2024-06-26,TSHA,C_close_below_50d,2026-05-13,2024-06-26,2.4600,2.0200,1.9998,0.7667,false,,,,,untriggered,,,,,,untriggered,1,6.3000,256.1,646
TSHA-2024-08-05,TSHA,A_minervini_trail_ma,2026-05-13,2024-08-05,2.3100,2.0400,2.0196,0.8333,false,,,,,untriggered,,,,,,untriggered,1,6.3000,272.7,614
TSHA-2024-08-05,TSHA,B_fixed_R_multiple,2026-05-13,2024-08-05,2.3100,2.0400,2.0196,0.8333,false,,,,,untriggered,,,,,,untriggered,1,6.3000,272.7,614
TSHA-2024-08-05,TSHA,C_close_below_50d,2026-05-13,2024-08-05,2.3100,2.0400,2.0196,0.8333,false,,,,,untriggered,,,,,,untriggered,1,6.3000,272.7,614
TSHA-2025-05-28,TSHA,A_minervini_trail_ma,2026-05-13,2025-05-28,2.8800,2.3100,2.2869,0.9333,false,,,,,untriggered,,,,,,untriggered,1,6.3000,218.7,317
TSHA-2025-05-28,TSHA,B_fixed_R_multiple,2026-05-13,2025-05-28,2.8800,2.3100,2.2869,0.9333,false,,,,,untriggered,,,,,,untriggered,1,6.3000,218.7,317
TSHA-2025-05-28,TSHA,C_close_below_50d,2026-05-13,2025-05-28,2.8800,2.3100,2.2869,0.9333,false,,,,,untriggered,,,,,,untriggered,1,6.3000,218.7,317
TSHA-2026-01-16,TSHA,A_minervini_trail_ma,2026-05-13,2026-01-16,5.0900,4.4100,4.3659,0.8431,false,,,,,untriggered,,,,,,untriggered,1,6.3000,123.8,97
TSHA-2026-01-16,TSHA,B_fixed_R_multiple,2026-05-13,2026-01-16,5.0900,4.4100,4.3659,0.8431,false,,,,,untriggered,,,,,,untriggered,1,6.3000,123.8,97
TSHA-2026-01-16,TSHA,C_close_below_50d,2026-05-13,2026-01-16,5.0900,4.4100,4.3659,0.8431,false,,,,,untriggered,,,,,,untriggered,1,6.3000,123.8,97
TSHA-2026-02-05,TSHA,A_minervini_trail_ma,2026-05-13,2026-02-05,4.8900,4.1300,4.0887,0.7326,false,,,,,untriggered,,,,,,untriggered,1,6.3000,128.8,50
TSHA-2026-02-05,TSHA,B_fixed_R_multiple,2026-05-13,2026-02-05,4.8900,4.1300,4.0887,0.7326,false,,,,,untriggered,,,,,,untriggered,1,6.3000,128.8,50
TSHA-2026-02-05,TSHA,C_close_below_50d,2026-05-13,2026-02-05,4.8900,4.1300,4.0887,0.7326,false,,,,,untriggered,,,,,,untriggered,1,6.3000,128.8,50
TSHA-2026-03-24,TSHA,A_minervini_trail_ma,2026-05-13,2026-03-24,4.5800,4.0700,4.0293,0.7667,false,,,,,untriggered,,,,,,untriggered,1,6.3000,137.6,47
TSHA-2026-03-24,TSHA,B_fixed_R_multiple,2026-05-13,2026-03-24,4.5800,4.0700,4.0293,0.7667,false,,,,,untriggered,,,,,,untriggered,1,6.3000,137.6,47
TSHA-2026-03-24,TSHA,C_close_below_50d,2026-05-13,2026-03-24,4.5800,4.0700,4.0293,0.7667,false,,,,,untriggered,,,,,,untriggered,1,6.3000,137.6,47
UCTT-2021-07-16,UCTT,A_minervini_trail_ma,2026-05-12,2021-07-16,54.1300,39.7200,39.3228,0.7667,true,2026-05-14,85.0900,2026-05-22,84.0100,open_at_data_tail,-0.0236,-0.88,0.0745,0.0981,6,open,8,86.3800,159.6,1727
UCTT-2021-07-16,UCTT,B_fixed_R_multiple,2026-05-12,2021-07-16,54.1300,39.7200,39.3228,0.7667,true,2026-05-14,85.0900,2026-05-22,84.0100,open_at_data_tail,-0.0236,-0.88,0.0745,0.0981,6,open,8,86.3800,159.6,1727
UCTT-2021-07-16,UCTT,C_close_below_50d,2026-05-12,2021-07-16,54.1300,39.7200,39.3228,0.7667,true,2026-05-14,85.0900,2026-05-22,84.0100,open_at_data_tail,-0.0236,-0.88,0.0745,0.0981,6,open,8,86.3800,159.6,1727
UCTT-2021-08-19,UCTT,A_minervini_trail_ma,2026-05-12,2021-08-19,47.8400,41.1000,40.6890,0.8333,true,2026-05-14,85.0900,2026-05-22,84.0100,open_at_data_tail,-0.0243,-0.91,0.0768,0.1011,6,open,8,86.3800,180.6,1679
UCTT-2021-08-19,UCTT,B_fixed_R_multiple,2026-05-12,2021-08-19,47.8400,41.1000,40.6890,0.8333,true,2026-05-14,85.0900,2026-05-22,84.0100,open_at_data_tail,-0.0243,-0.91,0.0768,0.1011,6,open,8,86.3800,180.6,1679
UCTT-2021-08-19,UCTT,C_close_below_50d,2026-05-12,2021-08-19,47.8400,41.1000,40.6890,0.8333,true,2026-05-14,85.0900,2026-05-22,84.0100,open_at_data_tail,-0.0243,-0.91,0.0768,0.1011,6,open,8,86.3800,180.6,1679
UCTT-2021-12-20,UCTT,A_minervini_trail_ma,2026-05-12,2021-12-20,60.3400,45.2500,44.7975,0.7667,true,2026-05-14,85.0900,2026-05-22,84.0100,open_at_data_tail,-0.0268,-1.01,0.0846,0.1114,6,open,8,86.3800,143.2,1566
UCTT-2021-12-20,UCTT,B_fixed_R_multiple,2026-05-12,2021-12-20,60.3400,45.2500,44.7975,0.7667,true,2026-05-14,85.0900,2026-05-22,84.0100,open_at_data_tail,-0.0268,-1.01,0.0846,0.1114,6,open,8,86.3800,143.2,1566
UCTT-2021-12-20,UCTT,C_close_below_50d,2026-05-12,2021-12-20,60.3400,45.2500,44.7975,0.7667,true,2026-05-14,85.0900,2026-05-22,84.0100,open_at_data_tail,-0.0268,-1.01,0.0846,0.1114,6,open,8,86.3800,143.2,1566
UCTT-2022-05-11,UCTT,A_minervini_trail_ma,2026-05-12,2022-05-11,34.1400,27.9800,27.7002,0.7667,true,2026-05-14,85.0900,2026-05-22,84.0100,open_at_data_tail,-0.0188,-0.71,0.0594,0.0782,6,open,8,86.3800,253.0,1426
UCTT-2022-05-11,UCTT,B_fixed_R_multiple,2026-05-12,2022-05-11,34.1400,27.9800,27.7002,0.7667,true,2026-05-14,85.0900,2026-05-22,84.0100,open_at_data_tail,-0.0188,-0.71,0.0594,0.0782,6,open,8,86.3800,253.0,1426
UCTT-2022-05-11,UCTT,C_close_below_50d,2026-05-12,2022-05-11,34.1400,27.9800,27.7002,0.7667,true,2026-05-14,85.0900,2026-05-22,84.0100,open_at_data_tail,-0.0188,-0.71,0.0594,0.0782,6,open,8,86.3800,253.0,1426
UCTT-2022-06-16,UCTT,A_minervini_trail_ma,2026-05-12,2022-06-16,31.1500,26.9900,26.7201,0.7667,true,2026-05-14,85.0900,2026-05-22,84.0100,open_at_data_tail,-0.0185,-0.69,0.0584,0.0769,6,open,8,86.3800,277.3,1411
UCTT-2022-06-16,UCTT,B_fixed_R_multiple,2026-05-12,2022-06-16,31.1500,26.9900,26.7201,0.7667,true,2026-05-14,85.0900,2026-05-22,84.0100,open_at_data_tail,-0.0185,-0.69,0.0584,0.0769,6,open,8,86.3800,277.3,1411
UCTT-2022-06-16,UCTT,C_close_below_50d,2026-05-12,2022-06-16,31.1500,26.9900,26.7201,0.7667,true,2026-05-14,85.0900,2026-05-22,84.0100,open_at_data_tail,-0.0185,-0.69,0.0584,0.0769,6,open,8,86.3800,277.3,1411
UCTT-2022-09-26,UCTT,A_minervini_trail_ma,2026-05-12,2022-09-26,29.2800,24.8500,24.6015,0.7667,true,2026-05-14,85.0900,2026-05-22,84.0100,open_at_data_tail,-0.0179,-0.67,0.0564,0.0742,6,open,8,86.3800,295.0,1306
UCTT-2022-09-26,UCTT,B_fixed_R_multiple,2026-05-12,2022-09-26,29.2800,24.8500,24.6015,0.7667,true,2026-05-14,85.0900,2026-05-22,84.0100,open_at_data_tail,-0.0179,-0.67,0.0564,0.0742,6,open,8,86.3800,295.0,1306
UCTT-2022-09-26,UCTT,C_close_below_50d,2026-05-12,2022-09-26,29.2800,24.8500,24.6015,0.7667,true,2026-05-14,85.0900,2026-05-22,84.0100,open_at_data_tail,-0.0179,-0.67,0.0564,0.0742,6,open,8,86.3800,295.0,1306
UCTT-2022-12-28,UCTT,A_minervini_trail_ma,2026-05-12,2022-12-28,35.7000,31.9600,31.6404,0.9333,true,2026-05-14,85.0900,2026-05-22,84.0100,open_at_data_tail,-0.0202,-0.76,0.0638,0.0840,6,open,8,86.3800,242.0,1217
UCTT-2022-12-28,UCTT,B_fixed_R_multiple,2026-05-12,2022-12-28,35.7000,31.9600,31.6404,0.9333,true,2026-05-14,85.0900,2026-05-22,84.0100,open_at_data_tail,-0.0202,-0.76,0.0638,0.0840,6,open,8,86.3800,242.0,1217
UCTT-2022-12-28,UCTT,C_close_below_50d,2026-05-12,2022-12-28,35.7000,31.9600,31.6404,0.9333,true,2026-05-14,85.0900,2026-05-22,84.0100,open_at_data_tail,-0.0202,-0.76,0.0638,0.0840,6,open,8,86.3800,242.0,1217
UCTT-2024-09-09,UCTT,A_minervini_trail_ma,2026-05-12,2024-09-09,40.9300,33.4500,33.1155,0.8333,true,2026-05-14,85.0900,2026-05-22,84.0100,open_at_data_tail,-0.0208,-0.78,0.0656,0.0864,6,open,8,86.3800,211.0,558
UCTT-2024-09-09,UCTT,B_fixed_R_multiple,2026-05-12,2024-09-09,40.9300,33.4500,33.1155,0.8333,true,2026-05-14,85.0900,2026-05-22,84.0100,open_at_data_tail,-0.0208,-0.78,0.0656,0.0864,6,open,8,86.3800,211.0,558
UCTT-2024-09-09,UCTT,C_close_below_50d,2026-05-12,2024-09-09,40.9300,33.4500,33.1155,0.8333,true,2026-05-14,85.0900,2026-05-22,84.0100,open_at_data_tail,-0.0208,-0.78,0.0656,0.0864,6,open,8,86.3800,211.0,558
UCTT-2024-10-31,UCTT,A_minervini_trail_ma,2026-05-12,2024-10-31,38.8400,33.9700,33.6303,0.8333,true,2026-05-14,85.0900,2026-05-22,84.0100,open_at_data_tail,-0.0210,-0.79,0.0663,0.0873,6,open,8,86.3800,222.4,543
UCTT-2024-10-31,UCTT,B_fixed_R_multiple,2026-05-12,2024-10-31,38.8400,33.9700,33.6303,0.8333,true,2026-05-14,85.0900,2026-05-22,84.0100,open_at_data_tail,-0.0210,-0.79,0.0663,0.0873,6,open,8,86.3800,222.4,543
UCTT-2024-10-31,UCTT,C_close_below_50d,2026-05-12,2024-10-31,38.8400,33.9700,33.6303,0.8333,true,2026-05-14,85.0900,2026-05-22,84.0100,open_at_data_tail,-0.0210,-0.79,0.0663,0.0873,6,open,8,86.3800,222.4,543
UCTT-2024-12-19,UCTT,A_minervini_trail_ma,2026-05-12,2024-12-19,39.1300,33.5800,33.2442,0.7667,true,2026-05-14,85.0900,2026-05-22,84.0100,open_at_data_tail,-0.0208,-0.78,0.0658,0.0866,6,open,8,86.3800,220.8,470
UCTT-2024-12-19,UCTT,B_fixed_R_multiple,2026-05-12,2024-12-19,39.1300,33.5800,33.2442,0.7667,true,2026-05-14,85.0900,2026-05-22,84.0100,open_at_data_tail,-0.0208,-0.78,0.0658,0.0866,6,open,8,86.3800,220.8,470
UCTT-2024-12-19,UCTT,C_close_below_50d,2026-05-12,2024-12-19,39.1300,33.5800,33.2442,0.7667,true,2026-05-14,85.0900,2026-05-22,84.0100,open_at_data_tail,-0.0208,-0.78,0.0658,0.0866,6,open,8,86.3800,220.8,470
UCTT-2025-04-17,UCTT,A_minervini_trail_ma,2026-05-12,2025-04-17,22.4900,18.6500,18.4635,0.8333,true,2026-05-14,85.0900,2026-05-22,84.0100,open_at_data_tail,-0.0162,-0.61,0.0512,0.0674,6,open,8,86.3800,384.1,376
UCTT-2025-04-17,UCTT,B_fixed_R_multiple,2026-05-12,2025-04-17,22.4900,18.6500,18.4635,0.8333,true,2026-05-14,85.0900,2026-05-22,84.0100,open_at_data_tail,-0.0162,-0.61,0.0512,0.0674,6,open,8,86.3800,384.1,376
UCTT-2025-04-17,UCTT,C_close_below_50d,2026-05-12,2025-04-17,22.4900,18.6500,18.4635,0.8333,true,2026-05-14,85.0900,2026-05-22,84.0100,open_at_data_tail,-0.0162,-0.61,0.0512,0.0674,6,open,8,86.3800,384.1,376
UCTT-2025-05-01,UCTT,A_minervini_trail_ma,2026-05-12,2025-05-01,22.8100,19.3700,19.1763,0.8333,true,2026-05-14,85.0900,2026-05-22,84.0100,open_at_data_tail,-0.0164,-0.61,0.0517,0.0681,6,open,8,86.3800,378.7,347
UCTT-2025-05-01,UCTT,B_fixed_R_multiple,2026-05-12,2025-05-01,22.8100,19.3700,19.1763,0.8333,true,2026-05-14,85.0900,2026-05-22,84.0100,open_at_data_tail,-0.0164,-0.61,0.0517,0.0681,6,open,8,86.3800,378.7,347
UCTT-2025-05-01,UCTT,C_close_below_50d,2026-05-12,2025-05-01,22.8100,19.3700,19.1763,0.8333,true,2026-05-14,85.0900,2026-05-22,84.0100,open_at_data_tail,-0.0164,-0.61,0.0517,0.0681,6,open,8,86.3800,378.7,347
UCTT-2026-03-06,UCTT,A_minervini_trail_ma,2026-05-12,2026-03-06,65.2700,55.8900,55.3311,0.7722,true,2026-05-14,85.0900,2026-05-22,84.0100,open_at_data_tail,-0.0363,-1.36,0.1146,0.1509,6,open,8,86.3800,132.3,43
UCTT-2026-03-06,UCTT,B_fixed_R_multiple,2026-05-12,2026-03-06,65.2700,55.8900,55.3311,0.7722,true,2026-05-14,85.0900,2026-05-22,84.0100,open_at_data_tail,-0.0363,-1.36,0.1146,0.1509,6,open,8,86.3800,132.3,43
UCTT-2026-03-06,UCTT,C_close_below_50d,2026-05-12,2026-03-06,65.2700,55.8900,55.3311,0.7722,true,2026-05-14,85.0900,2026-05-22,84.0100,open_at_data_tail,-0.0363,-1.36,0.1146,0.1509,6,open,8,86.3800,132.3,43
UCTT-2026-03-30,UCTT,A_minervini_trail_ma,2026-05-12,2026-03-30,83.0100,72.0100,71.2899,0.8333,true,2026-05-14,85.0900,2026-05-22,84.0100,open_at_data_tail,-0.0783,-2.93,0.2471,0.3254,6,open,8,86.3800,104.1,13
UCTT-2026-03-30,UCTT,B_fixed_R_multiple,2026-05-12,2026-03-30,83.0100,72.0100,71.2899,0.8333,true,2026-05-14,85.0900,2026-05-22,84.0100,open_at_data_tail,-0.0783,-2.93,0.2471,0.3254,6,open,8,86.3800,104.1,13
UCTT-2026-03-30,UCTT,C_close_below_50d,2026-05-12,2026-03-30,83.0100,72.0100,71.2899,0.8333,true,2026-05-14,85.0900,2026-05-22,84.0100,open_at_data_tail,-0.0783,-2.93,0.2471,0.3254,6,open,8,86.3800,104.1,13
WULF-2021-09-01,WULF,A_minervini_trail_ma,2026-05-15,2021-09-01,30.3300,26.0000,25.7400,0.7667,false,,,,,untriggered,,,,,,untriggered,0,,,1697
WULF-2021-09-01,WULF,B_fixed_R_multiple,2026-05-15,2021-09-01,30.3300,26.0000,25.7400,0.7667,false,,,,,untriggered,,,,,,untriggered,0,,,1697
WULF-2021-09-01,WULF,C_close_below_50d,2026-05-15,2021-09-01,30.3300,26.0000,25.7400,0.7667,false,,,,,untriggered,,,,,,untriggered,0,,,1697
WULF-2021-09-21,WULF,A_minervini_trail_ma,2026-05-15,2021-09-21,30.6500,26.6100,26.3439,0.8333,false,,,,,untriggered,,,,,,untriggered,0,,,1659
WULF-2021-09-21,WULF,B_fixed_R_multiple,2026-05-15,2021-09-21,30.6500,26.6100,26.3439,0.8333,false,,,,,untriggered,,,,,,untriggered,0,,,1659
WULF-2021-09-21,WULF,C_close_below_50d,2026-05-15,2021-09-21,30.6500,26.6100,26.3439,0.8333,false,,,,,untriggered,,,,,,untriggered,0,,,1659
WULF-2021-12-21,WULF,A_minervini_trail_ma,2026-05-15,2021-12-21,15.0500,12.5100,12.3849,0.8333,false,,,,,untriggered,,,,,,untriggered,0,,,1586
WULF-2021-12-21,WULF,B_fixed_R_multiple,2026-05-15,2021-12-21,15.0500,12.5100,12.3849,0.8333,false,,,,,untriggered,,,,,,untriggered,0,,,1586
WULF-2021-12-21,WULF,C_close_below_50d,2026-05-15,2021-12-21,15.0500,12.5100,12.3849,0.8333,false,,,,,untriggered,,,,,,untriggered,0,,,1586
WULF-2022-03-16,WULF,A_minervini_trail_ma,2026-05-15,2022-03-16,9.2800,3.3300,3.2967,0.7667,false,,,,,untriggered,,,,,,untriggered,0,,,1479
WULF-2022-03-16,WULF,B_fixed_R_multiple,2026-05-15,2022-03-16,9.2800,3.3300,3.2967,0.7667,false,,,,,untriggered,,,,,,untriggered,0,,,1479
WULF-2022-03-16,WULF,C_close_below_50d,2026-05-15,2022-03-16,9.2800,3.3300,3.2967,0.7667,false,,,,,untriggered,,,,,,untriggered,0,,,1479
WULF-2022-05-24,WULF,A_minervini_trail_ma,2026-05-15,2022-05-24,3.4900,1.8900,1.8711,0.7667,false,,,,,untriggered,,,,,,untriggered,0,,,1429
WULF-2022-05-24,WULF,B_fixed_R_multiple,2026-05-15,2022-05-24,3.4900,1.8900,1.8711,0.7667,false,,,,,untriggered,,,,,,untriggered,0,,,1429
WULF-2022-05-24,WULF,C_close_below_50d,2026-05-15,2022-05-24,3.4900,1.8900,1.8711,0.7667,false,,,,,untriggered,,,,,,untriggered,0,,,1429
WULF-2022-07-12,WULF,A_minervini_trail_ma,2026-05-15,2022-07-12,1.7600,1.3300,1.3167,0.9333,false,,,,,untriggered,,,,,,untriggered,0,,,1388
WULF-2022-07-12,WULF,B_fixed_R_multiple,2026-05-15,2022-07-12,1.7600,1.3300,1.3167,0.9333,false,,,,,untriggered,,,,,,untriggered,0,,,1388
WULF-2022-07-12,WULF,C_close_below_50d,2026-05-15,2022-07-12,1.7600,1.3300,1.3167,0.9333,false,,,,,untriggered,,,,,,untriggered,0,,,1388
WULF-2022-07-27,WULF,A_minervini_trail_ma,2026-05-15,2022-07-27,1.9300,1.0800,1.0692,0.7667,false,,,,,untriggered,,,,,,untriggered,0,,,1346
WULF-2022-07-27,WULF,B_fixed_R_multiple,2026-05-15,2022-07-27,1.9300,1.0800,1.0692,0.7667,false,,,,,untriggered,,,,,,untriggered,0,,,1346
WULF-2022-07-27,WULF,C_close_below_50d,2026-05-15,2022-07-27,1.9300,1.0800,1.0692,0.7667,false,,,,,untriggered,,,,,,untriggered,0,,,1346
WULF-2022-09-26,WULF,A_minervini_trail_ma,2026-05-15,2022-09-26,1.7800,1.0900,1.0791,0.8333,false,,,,,untriggered,,,,,,untriggered,0,,,1309
WULF-2022-09-26,WULF,B_fixed_R_multiple,2026-05-15,2022-09-26,1.7800,1.0900,1.0791,0.8333,false,,,,,untriggered,,,,,,untriggered,0,,,1309
WULF-2022-09-26,WULF,C_close_below_50d,2026-05-15,2022-09-26,1.7800,1.0900,1.0791,0.8333,false,,,,,untriggered,,,,,,untriggered,0,,,1309
WULF-2022-11-09,WULF,A_minervini_trail_ma,2026-05-15,2022-11-09,1.2400,0.6900,0.6831,0.7667,false,,,,,untriggered,,,,,,untriggered,0,,,1270
WULF-2022-11-09,WULF,B_fixed_R_multiple,2026-05-15,2022-11-09,1.2400,0.6900,0.6831,0.7667,false,,,,,untriggered,,,,,,untriggered,0,,,1270
WULF-2022-11-09,WULF,C_close_below_50d,2026-05-15,2022-11-09,1.2400,0.6900,0.6831,0.7667,false,,,,,untriggered,,,,,,untriggered,0,,,1270
WULF-2023-01-19,WULF,A_minervini_trail_ma,2026-05-15,2023-01-19,1.1100,0.6000,0.5940,0.7667,false,,,,,untriggered,,,,,,untriggered,0,,,1186
WULF-2023-01-19,WULF,B_fixed_R_multiple,2026-05-15,2023-01-19,1.1100,0.6000,0.5940,0.7667,false,,,,,untriggered,,,,,,untriggered,0,,,1186
WULF-2023-01-19,WULF,C_close_below_50d,2026-05-15,2023-01-19,1.1100,0.6000,0.5940,0.7667,false,,,,,untriggered,,,,,,untriggered,0,,,1186
WULF-2023-12-11,WULF,A_minervini_trail_ma,2026-05-15,2023-12-11,3.0200,1.3100,1.2969,0.7667,false,,,,,untriggered,,,,,,untriggered,0,,,848
WULF-2023-12-11,WULF,B_fixed_R_multiple,2026-05-15,2023-12-11,3.0200,1.3100,1.2969,0.7667,false,,,,,untriggered,,,,,,untriggered,0,,,848
WULF-2023-12-11,WULF,C_close_below_50d,2026-05-15,2023-12-11,3.0200,1.3100,1.2969,0.7667,false,,,,,untriggered,,,,,,untriggered,0,,,848
WULF-2024-05-01,WULF,A_minervini_trail_ma,2026-05-15,2024-05-01,2.4200,1.9500,1.9305,0.7667,false,,,,,untriggered,,,,,,untriggered,0,,,728
WULF-2024-05-01,WULF,B_fixed_R_multiple,2026-05-15,2024-05-01,2.4200,1.9500,1.9305,0.7667,false,,,,,untriggered,,,,,,untriggered,0,,,728
WULF-2024-05-01,WULF,C_close_below_50d,2026-05-15,2024-05-01,2.4200,1.9500,1.9305,0.7667,false,,,,,untriggered,,,,,,untriggered,0,,,728
WULF-2024-07-11,WULF,A_minervini_trail_ma,2026-05-15,2024-07-11,6.3800,3.3400,3.3066,0.7667,false,,,,,untriggered,,,,,,untriggered,0,,,646
WULF-2024-07-11,WULF,B_fixed_R_multiple,2026-05-15,2024-07-11,6.3800,3.3400,3.3066,0.7667,false,,,,,untriggered,,,,,,untriggered,0,,,646
WULF-2024-07-11,WULF,C_close_below_50d,2026-05-15,2024-07-11,6.3800,3.3400,3.3066,0.7667,false,,,,,untriggered,,,,,,untriggered,0,,,646
WULF-2024-09-16,WULF,A_minervini_trail_ma,2026-05-15,2024-09-16,5.3700,3.8200,3.7818,0.7667,false,,,,,untriggered,,,,,,untriggered,0,,,583
WULF-2024-09-16,WULF,B_fixed_R_multiple,2026-05-15,2024-09-16,5.3700,3.8200,3.7818,0.7667,false,,,,,untriggered,,,,,,untriggered,0,,,583
WULF-2024-09-16,WULF,C_close_below_50d,2026-05-15,2024-09-16,5.3700,3.8200,3.7818,0.7667,false,,,,,untriggered,,,,,,untriggered,0,,,583
WULF-2024-11-26,WULF,A_minervini_trail_ma,2026-05-15,2024-11-26,8.1200,6.7200,6.6528,0.8333,false,,,,,untriggered,,,,,,untriggered,0,,,521
WULF-2024-11-26,WULF,B_fixed_R_multiple,2026-05-15,2024-11-26,8.1200,6.7200,6.6528,0.8333,false,,,,,untriggered,,,,,,untriggered,0,,,521
WULF-2024-11-26,WULF,C_close_below_50d,2026-05-15,2024-11-26,8.1200,6.7200,6.6528,0.8333,false,,,,,untriggered,,,,,,untriggered,0,,,521
WULF-2024-12-10,WULF,A_minervini_trail_ma,2026-05-15,2024-12-10,8.2400,5.3200,5.2668,0.7667,false,,,,,untriggered,,,,,,untriggered,0,,,501
WULF-2024-12-10,WULF,B_fixed_R_multiple,2026-05-15,2024-12-10,8.2400,5.3200,5.2668,0.7667,false,,,,,untriggered,,,,,,untriggered,0,,,501
WULF-2024-12-10,WULF,C_close_below_50d,2026-05-15,2024-12-10,8.2400,5.3200,5.2668,0.7667,false,,,,,untriggered,,,,,,untriggered,0,,,501
WULF-2024-12-30,WULF,A_minervini_trail_ma,2026-05-15,2024-12-30,6.5000,5.2000,5.1480,0.7667,false,,,,,untriggered,,,,,,untriggered,0,,,487
WULF-2024-12-30,WULF,B_fixed_R_multiple,2026-05-15,2024-12-30,6.5000,5.2000,5.1480,0.7667,false,,,,,untriggered,,,,,,untriggered,0,,,487
WULF-2024-12-30,WULF,C_close_below_50d,2026-05-15,2024-12-30,6.5000,5.2000,5.1480,0.7667,false,,,,,untriggered,,,,,,untriggered,0,,,487
WULF-2025-10-22,WULF,A_minervini_trail_ma,2026-05-15,2025-10-22,16.1000,10.9900,10.8801,0.7667,false,,,,,untriggered,,,,,,untriggered,0,,,182
WULF-2025-10-22,WULF,B_fixed_R_multiple,2026-05-15,2025-10-22,16.1000,10.9900,10.8801,0.7667,false,,,,,untriggered,,,,,,untriggered,0,,,182
WULF-2025-10-22,WULF,C_close_below_50d,2026-05-15,2025-10-22,16.1000,10.9900,10.8801,0.7667,false,,,,,untriggered,,,,,,untriggered,0,,,182
WULF-2025-11-14,WULF,A_minervini_trail_ma,2026-05-15,2025-11-14,15.8300,11.1500,11.0385,0.8333,false,,,,,untriggered,,,,,,untriggered,0,,,136
WULF-2025-11-14,WULF,B_fixed_R_multiple,2026-05-15,2025-11-14,15.8300,11.1500,11.0385,0.8333,false,,,,,untriggered,,,,,,untriggered,0,,,136
WULF-2025-11-14,WULF,C_close_below_50d,2026-05-15,2025-11-14,15.8300,11.1500,11.0385,0.8333,false,,,,,untriggered,,,,,,untriggered,0,,,136
WULF-2026-03-06,WULF,A_minervini_trail_ma,2026-05-15,2026-03-06,16.8600,13.7000,13.5630,0.9293,false,,,,,untriggered,,,,,,untriggered,0,,,46
WULF-2026-03-06,WULF,B_fixed_R_multiple,2026-05-15,2026-03-06,16.8600,13.7000,13.5630,0.9293,false,,,,,untriggered,,,,,,untriggered,0,,,46
WULF-2026-03-06,WULF,C_close_below_50d,2026-05-15,2026-03-06,16.8600,13.7000,13.5630,0.9293,false,,,,,untriggered,,,,,,untriggered,0,,,46
YOU-2021-07-07,YOU,A_minervini_trail_ma,2026-05-22,2021-07-07,44.8500,39.2000,38.8080,0.9333,false,,,,,untriggered,,,,,,untriggered,0,,,1768
YOU-2021-07-07,YOU,B_fixed_R_multiple,2026-05-22,2021-07-07,44.8500,39.2000,38.8080,0.9333,false,,,,,untriggered,,,,,,untriggered,0,,,1768
YOU-2021-07-07,YOU,C_close_below_50d,2026-05-22,2021-07-07,44.8500,39.2000,38.8080,0.9333,false,,,,,untriggered,,,,,,untriggered,0,,,1768
YOU-2021-08-03,YOU,A_minervini_trail_ma,2026-05-18,2021-08-03,59.1000,46.8700,46.4013,0.9333,true,2026-05-20,60.2900,2026-05-22,60.0600,open_at_data_tail,-0.0166,-0.62,0.1390,0.1555,2,open,4,62.0100,104.9,1735
YOU-2021-08-03,YOU,B_fixed_R_multiple,2026-05-18,2021-08-03,59.1000,46.8700,46.4013,0.9333,true,2026-05-20,60.2900,2026-05-22,60.0600,open_at_data_tail,-0.0166,-0.62,0.1390,0.1555,2,open,4,62.0100,104.9,1735
YOU-2021-08-03,YOU,C_close_below_50d,2026-05-18,2021-08-03,59.1000,46.8700,46.4013,0.9333,true,2026-05-20,60.2900,2026-05-22,60.0600,open_at_data_tail,-0.0166,-0.62,0.1390,0.1555,2,open,4,62.0100,104.9,1735
YOU-2022-05-10,YOU,A_minervini_trail_ma,2026-05-22,2022-05-10,34.3700,25.8000,25.5420,0.8333,false,,,,,untriggered,,,,,,untriggered,0,,,1459
YOU-2022-05-10,YOU,B_fixed_R_multiple,2026-05-22,2022-05-10,34.3700,25.8000,25.5420,0.8333,false,,,,,untriggered,,,,,,untriggered,0,,,1459
YOU-2022-05-10,YOU,C_close_below_50d,2026-05-22,2022-05-10,34.3700,25.8000,25.5420,0.8333,false,,,,,untriggered,,,,,,untriggered,0,,,1459
YOU-2022-06-30,YOU,A_minervini_trail_ma,2026-05-22,2022-06-30,22.6300,19.6700,19.4733,0.7667,false,,,,,untriggered,,,,,,untriggered,0,,,1408
YOU-2022-06-30,YOU,B_fixed_R_multiple,2026-05-22,2022-06-30,22.6300,19.6700,19.4733,0.7667,false,,,,,untriggered,,,,,,untriggered,0,,,1408
YOU-2022-06-30,YOU,C_close_below_50d,2026-05-22,2022-06-30,22.6300,19.6700,19.4733,0.7667,false,,,,,untriggered,,,,,,untriggered,0,,,1408
YOU-2022-08-31,YOU,A_minervini_trail_ma,2026-05-22,2022-08-31,26.1000,22.4700,22.2453,0.7667,false,,,,,untriggered,,,,,,untriggered,0,,,1334
YOU-2022-08-31,YOU,B_fixed_R_multiple,2026-05-22,2022-08-31,26.1000,22.4700,22.2453,0.7667,false,,,,,untriggered,,,,,,untriggered,0,,,1334
YOU-2022-08-31,YOU,C_close_below_50d,2026-05-22,2022-08-31,26.1000,22.4700,22.2453,0.7667,false,,,,,untriggered,,,,,,untriggered,0,,,1334
YOU-2022-10-14,YOU,A_minervini_trail_ma,2026-05-22,2022-10-14,27.6300,22.6700,22.4433,0.7667,false,,,,,untriggered,,,,,,untriggered,0,,,1290
YOU-2022-10-14,YOU,B_fixed_R_multiple,2026-05-22,2022-10-14,27.6300,22.6700,22.4433,0.7667,false,,,,,untriggered,,,,,,untriggered,0,,,1290
YOU-2022-10-14,YOU,C_close_below_50d,2026-05-22,2022-10-14,27.6300,22.6700,22.4433,0.7667,false,,,,,untriggered,,,,,,untriggered,0,,,1290
YOU-2022-12-28,YOU,A_minervini_trail_ma,2026-05-22,2022-12-28,30.6700,26.4600,26.1954,0.7667,false,,,,,untriggered,,,,,,untriggered,0,,,1219
YOU-2022-12-28,YOU,B_fixed_R_multiple,2026-05-22,2022-12-28,30.6700,26.4600,26.1954,0.7667,false,,,,,untriggered,,,,,,untriggered,0,,,1219
YOU-2022-12-28,YOU,C_close_below_50d,2026-05-22,2022-12-28,30.6700,26.4600,26.1954,0.7667,false,,,,,untriggered,,,,,,untriggered,0,,,1219
YOU-2023-04-06,YOU,A_minervini_trail_ma,2026-05-22,2023-04-06,26.6600,23.4200,23.1858,0.7667,false,,,,,untriggered,,,,,,untriggered,0,,,1116
YOU-2023-04-06,YOU,B_fixed_R_multiple,2026-05-22,2023-04-06,26.6600,23.4200,23.1858,0.7667,false,,,,,untriggered,,,,,,untriggered,0,,,1116
YOU-2023-04-06,YOU,C_close_below_50d,2026-05-22,2023-04-06,26.6600,23.4200,23.1858,0.7667,false,,,,,untriggered,,,,,,untriggered,0,,,1116
YOU-2023-05-09,YOU,A_minervini_trail_ma,2026-05-22,2023-05-09,26.9300,23.4700,23.2353,0.7667,false,,,,,untriggered,,,,,,untriggered,0,,,1078
YOU-2023-05-09,YOU,B_fixed_R_multiple,2026-05-22,2023-05-09,26.9300,23.4700,23.2353,0.7667,false,,,,,untriggered,,,,,,untriggered,0,,,1078
YOU-2023-05-09,YOU,C_close_below_50d,2026-05-22,2023-05-09,26.9300,23.4700,23.2353,0.7667,false,,,,,untriggered,,,,,,untriggered,0,,,1078
YOU-2023-07-06,YOU,A_minervini_trail_ma,2026-05-18,2023-07-06,25.5200,22.5700,22.3443,0.8333,true,2026-05-20,60.2900,2026-05-22,60.0600,open_at_data_tail,-0.0061,-0.23,0.0509,0.0569,2,open,4,62.0100,243.0,1033
YOU-2023-07-06,YOU,B_fixed_R_multiple,2026-05-18,2023-07-06,25.5200,22.5700,22.3443,0.8333,true,2026-05-20,60.2900,2026-05-22,60.0600,open_at_data_tail,-0.0061,-0.23,0.0509,0.0569,2,open,4,62.0100,243.0,1033
YOU-2023-07-06,YOU,C_close_below_50d,2026-05-18,2023-07-06,25.5200,22.5700,22.3443,0.8333,true,2026-05-20,60.2900,2026-05-22,60.0600,open_at_data_tail,-0.0061,-0.23,0.0509,0.0569,2,open,4,62.0100,243.0,1033
YOU-2024-01-03,YOU,A_minervini_trail_ma,2026-05-22,2024-01-03,22.2200,19.1500,18.9585,0.7667,false,,,,,untriggered,,,,,,untriggered,0,,,850
YOU-2024-01-03,YOU,B_fixed_R_multiple,2026-05-22,2024-01-03,22.2200,19.1500,18.9585,0.7667,false,,,,,untriggered,,,,,,untriggered,0,,,850
YOU-2024-01-03,YOU,C_close_below_50d,2026-05-22,2024-01-03,22.2200,19.1500,18.9585,0.7667,false,,,,,untriggered,,,,,,untriggered,0,,,850
YOU-2024-01-31,YOU,A_minervini_trail_ma,2026-05-22,2024-01-31,20.4000,18.0600,17.8794,0.7667,false,,,,,untriggered,,,,,,untriggered,0,,,816
YOU-2024-01-31,YOU,B_fixed_R_multiple,2026-05-22,2024-01-31,20.4000,18.0600,17.8794,0.7667,false,,,,,untriggered,,,,,,untriggered,0,,,816
YOU-2024-01-31,YOU,C_close_below_50d,2026-05-22,2024-01-31,20.4000,18.0600,17.8794,0.7667,false,,,,,untriggered,,,,,,untriggered,0,,,816
YOU-2024-11-18,YOU,A_minervini_trail_ma,2026-05-22,2024-11-18,27.7900,25.6100,25.3539,0.7667,false,,,,,untriggered,,,,,,untriggered,0,,,519
YOU-2024-11-18,YOU,B_fixed_R_multiple,2026-05-22,2024-11-18,27.7900,25.6100,25.3539,0.7667,false,,,,,untriggered,,,,,,untriggered,0,,,519
YOU-2024-11-18,YOU,C_close_below_50d,2026-05-22,2024-11-18,27.7900,25.6100,25.3539,0.7667,false,,,,,untriggered,,,,,,untriggered,0,,,519
YOU-2025-05-01,YOU,A_minervini_trail_ma,2026-05-22,2025-05-01,26.2800,23.9800,23.7402,0.7667,false,,,,,untriggered,,,,,,untriggered,0,,,364
YOU-2025-05-01,YOU,B_fixed_R_multiple,2026-05-22,2025-05-01,26.2800,23.9800,23.7402,0.7667,false,,,,,untriggered,,,,,,untriggered,0,,,364
YOU-2025-05-01,YOU,C_close_below_50d,2026-05-22,2025-05-01,26.2800,23.9800,23.7402,0.7667,false,,,,,untriggered,,,,,,untriggered,0,,,364
YOU-2025-12-08,YOU,A_minervini_trail_ma,2026-05-22,2025-12-08,41.0800,31.6700,31.3533,0.7667,false,,,,,untriggered,,,,,,untriggered,0,,,108
YOU-2025-12-08,YOU,B_fixed_R_multiple,2026-05-22,2025-12-08,41.0800,31.6700,31.3533,0.7667,false,,,,,untriggered,,,,,,untriggered,0,,,108
YOU-2025-12-08,YOU,C_close_below_50d,2026-05-22,2025-12-08,41.0800,31.6700,31.3533,0.7667,false,,,,,untriggered,,,,,,untriggered,0,,,108
YOU-2026-02-03,YOU,A_minervini_trail_ma,2026-04-28,2026-02-03,48.9200,44.6300,44.1837,0.7764,false,,,,,untriggered,,,,,,untriggered,0,,,70
YOU-2026-02-03,YOU,B_fixed_R_multiple,2026-04-28,2026-02-03,48.9200,44.6300,44.1837,0.7764,false,,,,,untriggered,,,,,,untriggered,0,,,70
YOU-2026-02-03,YOU,C_close_below_50d,2026-04-28,2026-02-03,48.9200,44.6300,44.1837,0.7764,false,,,,,untriggered,,,,,,untriggered,0,,,70
YOU-2026-04-29,YOU,A_minervini_trail_ma,2026-05-22,2026-04-29,60.9400,55.5400,54.9846,0.8333,false,,,,,untriggered,,,,,,untriggered,0,,,9
YOU-2026-04-29,YOU,B_fixed_R_multiple,2026-05-22,2026-04-29,60.9400,55.5400,54.9846,0.8333,false,,,,,untriggered,,,,,,untriggered,0,,,9
YOU-2026-04-29,YOU,C_close_below_50d,2026-05-22,2026-04-29,60.9400,55.5400,54.9846,0.8333,false,,,,,untriggered,,,,,,untriggered,0,,,9
