ticker,hypothesis,action,qty,price,price_favorable,session
CNTA,Broad-watch baseline,partial,50.0000,40.5000,40.5000,2026-06-25
CNTA,Broad-watch baseline,mtm,50.0000,40.5000,40.5000,2026-06-29
GTX,Broad-watch baseline,exit,100.0000,33.3600,33.3600,2026-06-23
WULF,Broad-watch baseline,exit,100.0000,24.0950,24.0950,2026-06-10
XMAX,Broad-watch baseline,exit,100.0000,8.4100,8.4100,2026-06-29
CNTA,Broad-watch baseline,partial,50.0000,40.5000,40.5000,2026-06-25
CNTA,Broad-watch baseline,mtm,50.0000,40.5000,40.5000,2026-06-29
FROG,Broad-watch baseline,partial,50.0000,94.8100,94.8100,2026-07-02
FROG,Broad-watch baseline,exit,50.0000,89.1600,89.1600,2026-07-15
TNA,Broad-watch baseline,exit,100.0000,67.8700,67.8700,2026-06-17
URTY,Broad-watch baseline,exit,100.0000,79.1250,79.1250,2026-06-17
VECO,Broad-watch baseline,partial,50.0000,77.4800,77.4800,2026-06-12
VECO,Broad-watch baseline,exit,50.0000,65.0300,65.0300,2026-07-02
WULF,Broad-watch baseline,exit,100.0000,24.0950,24.0950,2026-06-10
CNTA,Broad-watch baseline,partial,50.0000,40.5000,40.5000,2026-06-25
CNTA,Broad-watch baseline,mtm,50.0000,40.5000,40.5000,2026-06-29
FROG,Broad-watch baseline,partial,50.0000,94.8100,94.8100,2026-07-02
FROG,Broad-watch baseline,exit,50.0000,89.1600,89.1600,2026-07-15
UNIT,Broad-watch baseline,exit,100.0000,11.9200,11.9200,2026-06-17
XMAX,Broad-watch baseline,exit,100.0000,8.4100,8.4100,2026-06-29
DINO,Broad-watch baseline,exit,100.0000,72.1850,72.1850,2026-07-06
TNA,Broad-watch baseline,exit,100.0000,67.8700,67.8700,2026-06-17
URTY,Broad-watch baseline,exit,100.0000,79.1250,79.1250,2026-06-17
VECO,Broad-watch baseline,partial,50.0000,77.4800,77.4800,2026-06-12
VECO,Broad-watch baseline,exit,50.0000,65.0300,65.0300,2026-07-02
WULF,Broad-watch baseline,exit,100.0000,24.0950,24.0950,2026-06-10
ADEA,Broad-watch baseline,exit,100.0000,32.1575,32.1575,2026-07-01
AMN,Broad-watch baseline,exit,100.0000,30.8500,30.8500,2026-06-18
FROG,Broad-watch baseline,partial,50.0000,94.8100,94.8100,2026-07-02
FROG,Broad-watch baseline,exit,50.0000,89.1600,89.1600,2026-07-15
PBI,Broad-watch baseline,partial,50.0000,17.2400,17.2400,2026-06-15
PBI,Broad-watch baseline,exit,50.0000,17.1300,17.1300,2026-07-02
TNA,Broad-watch baseline,exit,100.0000,67.8700,67.8700,2026-06-17
UNIT,Broad-watch baseline,exit,100.0000,12.2500,12.2500,2026-06-16
URTY,Broad-watch baseline,exit,100.0000,79.1250,79.1250,2026-06-17
WULF,Broad-watch baseline,partial,50.0000,28.9800,28.9800,2026-06-18
WULF,Broad-watch baseline,exit,50.0000,26.7500,27.7800,2026-06-23
XMAX,Broad-watch baseline,exit,100.0000,8.4100,8.4100,2026-06-29
AMN,Broad-watch baseline,exit,100.0000,30.8500,30.8500,2026-06-18
PBI,Broad-watch baseline,partial,50.0000,17.5200,17.5200,2026-06-16
PBI,Broad-watch baseline,exit,50.0000,17.1300,17.1300,2026-07-02
UNIT,Broad-watch baseline,exit,100.0000,12.2500,12.2500,2026-06-16
XMAX,Broad-watch baseline,exit,100.0000,8.4100,8.4100,2026-06-29
AMN,Broad-watch baseline,exit,100.0000,30.8500,30.8500,2026-06-18
CNC,Broad-watch baseline,exit,100.0000,66.5500,66.5500,2026-07-06
FROG,Broad-watch baseline,partial,50.0000,94.8100,94.8100,2026-07-02
FROG,Broad-watch baseline,exit,50.0000,89.1600,89.1600,2026-07-15
TVTX,Broad-watch baseline,partial,50.0000,54.1400,54.1400,2026-06-17
TVTX,Broad-watch baseline,exit,50.0000,56.1956,56.3400,2026-07-02
UCTT,Broad-watch baseline,partial,50.0000,111.6100,111.6100,2026-06-17
UCTT,Broad-watch baseline,exit,50.0000,105.4400,105.4400,2026-07-02
VSTS,Broad-watch baseline,partial,50.0000,14.8300,14.8300,2026-06-29
VSTS,Broad-watch baseline,exit,50.0000,13.5200,13.5200,2026-07-07
XMAX,Broad-watch baseline,exit,100.0000,8.4100,8.4100,2026-06-29
AMN,Broad-watch baseline,exit,100.0000,30.8500,30.8500,2026-06-18
ARMK,Broad-watch baseline,exit,100.0000,53.7300,54.1600,2026-06-17
AVR,Broad-watch baseline,exit,100.0000,9.3500,9.3500,2026-07-09
AXGN,Broad-watch baseline,exit,100.0000,43.2000,43.2000,2026-06-16
FROG,Broad-watch baseline,partial,50.0000,94.8100,94.8100,2026-07-02
FROG,Broad-watch baseline,exit,50.0000,89.1600,89.1600,2026-07-15
TVTX,Broad-watch baseline,partial,50.0000,55.1500,55.1500,2026-06-18
TVTX,Broad-watch baseline,exit,50.0000,56.1956,56.3400,2026-07-02
UBS,Broad-watch baseline,exit,100.0000,49.8700,49.8700,2026-06-17
ULCC,Broad-watch baseline,exit,100.0000,6.5300,6.5300,2026-06-16
VSTS,Broad-watch baseline,partial,50.0000,14.8300,14.8300,2026-06-29
VSTS,Broad-watch baseline,exit,50.0000,13.5200,13.5200,2026-07-07
XMAX,Broad-watch baseline,exit,100.0000,8.4100,8.4100,2026-06-29
AMN,Broad-watch baseline,exit,100.0000,30.8500,30.8500,2026-06-18
ARMK,Broad-watch baseline,partial,50.0000,56.9000,56.9000,2026-06-30
ARMK,Broad-watch baseline,exit,50.0000,56.9700,56.9700,2026-07-31
AVR,Broad-watch baseline,exit,100.0000,9.3500,9.3500,2026-07-09
CNC,Broad-watch baseline,exit,100.0000,66.5500,66.5500,2026-07-06
EVC,Broad-watch baseline,partial,50.0000,12.0300,12.0300,2026-06-26
EVC,Broad-watch baseline,exit,50.0000,11.7500,11.7500,2026-07-09
FROG,Broad-watch baseline,partial,50.0000,94.8100,94.8100,2026-07-02
FROG,Broad-watch baseline,exit,50.0000,89.1600,89.1600,2026-07-15
LTH,Broad-watch baseline,partial,50.0000,37.8300,37.8300,2026-06-23
LTH,Broad-watch baseline,exit,50.0000,42.4600,42.4600,2026-07-24
RLJ,Broad-watch baseline,partial,50.0000,11.3100,11.3100,2026-06-23
RLJ,Broad-watch baseline,exit,50.0000,11.1700,11.1700,2026-06-24
SHOO,Broad-watch baseline,mtm,100.0000,46.0800,46.0800,2026-07-31
ULCC,Broad-watch baseline,partial,50.0000,8.0600,8.0600,2026-06-25
ULCC,Broad-watch baseline,exit,50.0000,7.1050,7.1050,2026-07-08
VSTS,Broad-watch baseline,partial,50.0000,14.8300,14.8300,2026-06-29
VSTS,Broad-watch baseline,exit,50.0000,13.5200,13.5200,2026-07-07
WERN,Broad-watch baseline,partial,50.0000,47.2900,47.2900,2026-07-21
WERN,Broad-watch baseline,exit,50.0000,45.2700,45.2700,2026-07-23
ALGM,Broad-watch baseline,exit,100.0000,56.2901,56.2901,2026-06-23
AMN,Broad-watch baseline,exit,100.0000,30.8500,30.8500,2026-06-18
ARMK,Broad-watch baseline,partial,50.0000,56.9000,56.9000,2026-06-30
ARMK,Broad-watch baseline,exit,50.0000,56.9700,56.9700,2026-07-31
AVR,Broad-watch baseline,exit,100.0000,9.3500,9.3500,2026-07-09
AXGN,Broad-watch baseline,exit,100.0000,42.2500,42.2500,2026-06-24
CNC,Broad-watch baseline,exit,100.0000,66.5500,66.5500,2026-07-06
DAL,Broad-watch baseline,partial,50.0000,93.1700,93.1700,2026-06-29
DAL,Broad-watch baseline,exit,50.0000,88.4300,88.4300,2026-07-07
EVC,Broad-watch baseline,partial,50.0000,12.0300,12.0300,2026-06-26
EVC,Broad-watch baseline,exit,50.0000,11.7500,11.7500,2026-07-09
NVCR,Broad-watch baseline,exit,100.0000,18.0000,18.0000,2026-07-24
PII,Broad-watch baseline,exit,100.0000,71.2500,71.2500,2026-06-26
SEI,Broad-watch baseline,exit,100.0000,76.9400,79.9200,2026-06-23
SHOO,Broad-watch baseline,mtm,100.0000,46.0800,46.0800,2026-07-31
TNA,Broad-watch baseline,exit,100.0000,70.9800,70.9800,2026-06-29
ULCC,Broad-watch baseline,partial,50.0000,8.0600,8.0600,2026-06-25
ULCC,Broad-watch baseline,exit,50.0000,7.1050,7.1050,2026-07-08
URTY,Broad-watch baseline,exit,100.0000,82.6900,82.6900,2026-06-29
VSTS,Broad-watch baseline,partial,50.0000,14.8300,14.8300,2026-06-29
VSTS,Broad-watch baseline,exit,50.0000,13.5200,13.5200,2026-07-07
WERN,Broad-watch baseline,partial,50.0000,47.2900,47.2900,2026-07-21
WERN,Broad-watch baseline,exit,50.0000,45.2700,45.2700,2026-07-23
CIFR,Broad-watch baseline,exit,100.0000,26.1150,26.5600,2026-06-23
MRVI,Broad-watch baseline,exit,100.0000,5.0300,5.0300,2026-06-18
TVTX,Broad-watch baseline,partial,50.0000,57.6900,57.6900,2026-06-24
TVTX,Broad-watch baseline,exit,50.0000,54.3800,54.3800,2026-07-13
ACHV,Broad-watch baseline,exit,100.0000,6.1600,6.1600,2026-07-02
ALGM,Broad-watch baseline,exit,100.0000,56.2901,56.2901,2026-06-23
AMN,Broad-watch baseline,partial,50.0000,33.2400,33.2400,2026-07-01
AMN,Broad-watch baseline,exit,50.0000,33.1300,33.1300,2026-07-07
AMRX,Broad-watch baseline,partial,50.0000,17.3200,17.3200,2026-06-25
AMRX,Broad-watch baseline,mtm,50.0000,18.3200,18.3200,2026-07-31
ARMK,Broad-watch baseline,partial,50.0000,56.9000,56.9000,2026-06-30
ARMK,Broad-watch baseline,exit,50.0000,56.9700,56.9700,2026-07-31
AVR,Broad-watch baseline,exit,100.0000,9.3500,9.3500,2026-07-09
CIFR,Broad-watch baseline,exit,100.0000,26.1150,26.5600,2026-06-23
CNC,Broad-watch baseline,exit,100.0000,66.5500,66.5500,2026-07-06
DFTX,Broad-watch baseline,partial,50.0000,44.7900,44.7900,2026-06-25
DFTX,Broad-watch baseline,exit,50.0000,43.4800,43.6500,2026-07-14
EVC,Broad-watch baseline,partial,50.0000,12.0300,12.0300,2026-06-26
EVC,Broad-watch baseline,exit,50.0000,11.7500,11.7500,2026-07-09
LTH,Broad-watch baseline,partial,50.0000,39.8600,39.8600,2026-06-25
LTH,Broad-watch baseline,exit,50.0000,42.4600,42.4600,2026-07-24
MRX,Broad-watch baseline,partial,50.0000,64.1200,64.1200,2026-06-25
MRX,Broad-watch baseline,exit,50.0000,60.8701,60.8701,2026-06-29
NVCR,A+ baseline,exit,100.0000,18.0000,18.0000,2026-07-24
PII,Broad-watch baseline,exit,100.0000,71.2500,71.2500,2026-06-26
SHOO,Broad-watch baseline,mtm,100.0000,46.0800,46.0800,2026-07-31
TNA,Broad-watch baseline,exit,100.0000,70.9800,70.9800,2026-06-29
TVTX,Broad-watch baseline,partial,50.0000,59.0300,59.0300,2026-06-25
TVTX,Broad-watch baseline,exit,50.0000,55.1050,55.1050,2026-07-02
ULCC,Broad-watch baseline,partial,50.0000,8.0600,8.0600,2026-06-25
ULCC,Broad-watch baseline,exit,50.0000,7.1050,7.1050,2026-07-08
URTY,Broad-watch baseline,exit,100.0000,82.6900,82.6900,2026-06-29
VSTS,Broad-watch baseline,partial,50.0000,14.8300,14.8300,2026-06-29
VSTS,Broad-watch baseline,exit,50.0000,13.5200,13.5200,2026-07-07
WULF,Broad-watch baseline,exit,100.0000,26.7500,28.0900,2026-06-23
CVS,Broad-watch baseline,exit,100.0000,102.7700,102.7700,2026-06-30
FROG,Broad-watch baseline,partial,50.0000,94.8100,94.8100,2026-07-02
FROG,Broad-watch baseline,exit,50.0000,89.1600,89.1600,2026-07-15
TSMX,Broad-watch baseline,exit,100.0000,89.6636,90.5000,2026-06-23
UBS,Broad-watch baseline,exit,100.0000,50.2800,50.2800,2026-06-23
UDOW,Broad-watch baseline,exit,100.0000,67.7800,68.4500,2026-06-26
AMN,Broad-watch baseline,partial,50.0000,33.2400,33.2400,2026-07-01
AMN,Broad-watch baseline,exit,50.0000,33.1300,33.1300,2026-07-07
BEN,Broad-watch baseline,exit,100.0000,33.2700,33.2700,2026-06-24
CNC,Broad-watch baseline,exit,100.0000,66.5500,66.5500,2026-07-06
CVS,Broad-watch baseline,exit,100.0000,102.7700,102.7700,2026-06-30
FROG,Broad-watch baseline,partial,50.0000,94.8100,94.8100,2026-07-02
FROG,Broad-watch baseline,exit,50.0000,89.1600,89.1600,2026-07-15
MRX,Broad-watch baseline,exit,100.0000,63.2400,63.2400,2026-06-26
PII,Broad-watch baseline,exit,100.0000,71.2500,71.2500,2026-06-26
SHOO,Broad-watch baseline,mtm,100.0000,46.0800,46.0800,2026-07-31
UDOW,Broad-watch baseline,exit,100.0000,67.7800,68.4500,2026-06-26
ULCC,Broad-watch baseline,partial,50.0000,7.8500,7.8500,2026-06-26
ULCC,Broad-watch baseline,exit,50.0000,7.1600,7.2350,2026-07-08
VSTS,Broad-watch baseline,partial,50.0000,14.8300,14.8300,2026-06-29
VSTS,Broad-watch baseline,exit,50.0000,13.5200,13.5200,2026-07-07
YETI,Broad-watch baseline,exit,100.0000,50.1700,50.1700,2026-07-21
DFTX,Broad-watch baseline,partial,50.0000,44.9500,44.9500,2026-06-26
DFTX,Broad-watch baseline,exit,50.0000,43.4800,43.6500,2026-07-14
ZVRA,Broad-watch baseline,exit,100.0000,13.9800,13.9800,2026-07-01
ADEA,Broad-watch baseline,exit,100.0000,32.1575,32.1575,2026-07-01
AMDL,Broad-watch baseline,exit,100.0000,73.3500,73.3500,2026-07-01
AMN,Broad-watch baseline,partial,50.0000,33.2400,33.2400,2026-07-01
AMN,Broad-watch baseline,exit,50.0000,33.1300,33.1300,2026-07-07
ARWR,Broad-watch baseline,exit,100.0000,84.5490,84.5490,2026-07-08
CNC,Broad-watch baseline,exit,100.0000,66.5500,66.5500,2026-07-06
IMVT,Broad-watch baseline,exit,100.0000,37.9800,37.9800,2026-06-26
M,Broad-watch baseline,exit,100.0000,25.3200,25.6500,2026-06-29
MFG,Broad-watch baseline,partial,50.0000,10.5700,10.5700,2026-07-14
MFG,Broad-watch baseline,exit,50.0000,10.3900,10.3900,2026-07-16
PBI,Broad-watch baseline,exit,100.0000,17.1700,17.1700,2026-07-02
PGNY,Broad-watch baseline,partial,50.0000,28.8300,28.8300,2026-06-30
PGNY,Broad-watch baseline,exit,50.0000,31.2600,31.3500,2026-07-23
PII,Broad-watch baseline,exit,100.0000,71.2500,71.2500,2026-06-26
TNA,Broad-watch baseline,exit,100.0000,72.2900,72.4399,2026-06-26
UBS,Broad-watch baseline,exit,100.0000,51.2500,51.2500,2026-07-08
UDOW,Broad-watch baseline,exit,100.0000,67.7800,68.4500,2026-06-26
URTY,Broad-watch baseline,exit,100.0000,84.1800,84.3250,2026-06-26
VSTS,Broad-watch baseline,partial,50.0000,14.8300,14.8300,2026-06-29
VSTS,Broad-watch baseline,exit,50.0000,13.5200,13.5200,2026-07-07
YETI,Broad-watch baseline,exit,100.0000,50.1700,50.1700,2026-07-21
AMN,Broad-watch baseline,partial,50.0000,33.2400,33.2400,2026-07-01
AMN,Broad-watch baseline,exit,50.0000,33.1300,33.1300,2026-07-07
ARWR,Broad-watch baseline,exit,100.0000,84.5490,84.5490,2026-07-08
AXGN,Broad-watch baseline,exit,100.0000,43.3300,43.3300,2026-07-02
BEN,Broad-watch baseline,exit,100.0000,33.2700,33.2700,2026-07-08
CYTK,Broad-watch baseline,exit,100.0000,80.3700,80.3700,2026-06-26
DRH,Broad-watch baseline,exit,100.0000,12.2500,12.2500,2026-06-29
IMVT,Broad-watch baseline,exit,100.0000,37.9800,37.9800,2026-06-26
PBI,Broad-watch baseline,exit,100.0000,17.1700,17.1700,2026-07-02
PGNY,Broad-watch baseline,partial,50.0000,28.8300,28.8300,2026-06-30
PGNY,Broad-watch baseline,exit,50.0000,31.2600,31.3500,2026-07-23
TNA,Broad-watch baseline,exit,100.0000,72.2900,72.4399,2026-06-26
UBS,Broad-watch baseline,exit,100.0000,51.2500,51.2500,2026-07-08
UDOW,Broad-watch baseline,exit,100.0000,67.7800,68.4500,2026-06-26
ULCC,Broad-watch baseline,exit,100.0000,7.7000,7.7000,2026-06-29
URTY,Broad-watch baseline,exit,100.0000,84.1800,84.3250,2026-06-26
ZVRA,Broad-watch baseline,exit,100.0000,13.9800,13.9800,2026-07-01
AMN,Broad-watch baseline,partial,50.0000,33.2400,33.2400,2026-07-01
AMN,Broad-watch baseline,exit,50.0000,33.1300,33.1300,2026-07-07
ARWR,Broad-watch baseline,exit,100.0000,84.5490,84.5490,2026-07-08
AVR,Broad-watch baseline,exit,100.0000,10.0700,10.0700,2026-07-07
AXGN,Broad-watch baseline,exit,100.0000,43.3300,43.3300,2026-07-02
BBGI,Broad-watch baseline,partial,50.0000,25.5800,25.5800,2026-07-01
BBGI,Broad-watch baseline,exit,50.0000,24.9900,24.9900,2026-07-02
BEN,Broad-watch baseline,exit,100.0000,33.2700,33.2700,2026-07-08
CPRX,Broad-watch baseline,mtm,100.0000,31.4900,31.4900,2026-07-15
CXW,Broad-watch baseline,partial,50.0000,31.0100,31.0100,2026-07-01
CXW,Broad-watch baseline,exit,50.0000,29.5500,29.5500,2026-07-07
IMVT,Broad-watch baseline,exit,100.0000,39.2400,39.2800,2026-07-13
OGN,Broad-watch baseline,exit,100.0000,13.4900,13.4900,2026-06-30
PGNY,Broad-watch baseline,partial,50.0000,29.4500,29.4500,2026-07-01
PGNY,Broad-watch baseline,exit,50.0000,31.2600,31.3500,2026-07-23
TNA,Broad-watch baseline,exit,100.0000,74.0000,74.0000,2026-07-02
UBS,Broad-watch baseline,exit,100.0000,51.2500,51.2500,2026-07-08
UDOW,Broad-watch baseline,partial,50.0000,72.5000,72.5000,2026-07-07
UDOW,Broad-watch baseline,exit,50.0000,69.0750,69.0750,2026-07-08
URTY,Broad-watch baseline,exit,100.0000,86.1700,86.1700,2026-07-02
YETI,Broad-watch baseline,exit,100.0000,50.1700,50.1700,2026-07-21
AMN,Broad-watch baseline,exit,100.0000,33.4800,33.4800,2026-07-07
ARMK,Broad-watch baseline,partial,50.0000,56.2900,56.2900,2026-07-02
ARMK,Broad-watch baseline,exit,50.0000,56.2300,56.2300,2026-07-16
ARWR,Broad-watch baseline,exit,100.0000,84.5490,84.5490,2026-07-08
ASX,Broad-watch baseline,exit,100.0000,42.5300,42.5300,2026-07-02
AVR,Broad-watch baseline,exit,100.0000,10.0700,10.0700,2026-07-07
BEN,Broad-watch baseline,exit,100.0000,33.2700,33.2700,2026-07-08
OGN,Broad-watch baseline,exit,100.0000,13.5100,13.5100,2026-07-06
TNA,Broad-watch baseline,exit,100.0000,74.0000,74.0000,2026-07-02
UBS,Broad-watch baseline,exit,100.0000,51.2500,51.2500,2026-07-08
UDOW,Broad-watch baseline,partial,50.0000,72.5000,72.5000,2026-07-07
UDOW,Broad-watch baseline,exit,50.0000,69.0750,69.0750,2026-07-08
URTY,Broad-watch baseline,exit,100.0000,86.1700,86.1700,2026-07-02
AMN,Broad-watch baseline,exit,100.0000,33.4800,33.4800,2026-07-07
AVR,Broad-watch baseline,exit,100.0000,10.0700,10.0700,2026-07-07
AXGN,Broad-watch baseline,exit,100.0000,43.3300,43.3300,2026-07-02
BEN,Broad-watch baseline,exit,100.0000,33.2700,33.2700,2026-07-08
DAL,Broad-watch baseline,exit,100.0000,91.9800,91.9800,2026-07-06
MRX,Broad-watch baseline,exit,100.0000,67.3500,67.3500,2026-07-10
TNA,Broad-watch baseline,exit,100.0000,74.0000,74.0000,2026-07-02
UBS,Broad-watch baseline,exit,100.0000,51.2500,51.2500,2026-07-08
UDOW,Broad-watch baseline,partial,50.0000,72.5000,72.5000,2026-07-07
UDOW,Broad-watch baseline,exit,50.0000,69.0750,69.0750,2026-07-08
URTY,Broad-watch baseline,exit,100.0000,86.1700,86.1700,2026-07-02
VIRT,Broad-watch baseline,exit,100.0000,64.9650,64.9650,2026-07-13
YETI,Broad-watch baseline,exit,100.0000,50.1700,50.1700,2026-07-21
AMN,A+ baseline,exit,100.0000,33.4800,33.4800,2026-07-07
ARWR,Broad-watch baseline,exit,100.0000,84.5490,84.5490,2026-07-08
AVR,Broad-watch baseline,exit,100.0000,10.0700,10.0700,2026-07-07
BCS,Broad-watch baseline,exit,100.0000,27.8600,27.8900,2026-07-07
BEN,Broad-watch baseline,exit,100.0000,33.2700,33.2700,2026-07-08
DHC,Broad-watch baseline,exit,100.0000,9.1950,9.1950,2026-07-23
DNLI,Broad-watch baseline,exit,100.0000,25.4300,25.4300,2026-07-06
DRH,Broad-watch baseline,partial,50.0000,12.9000,12.9000,2026-07-22
DRH,Broad-watch baseline,mtm,50.0000,13.2400,13.2400,2026-07-31
FTRE,Broad-watch baseline,exit,100.0000,17.3800,17.3800,2026-07-02
IMVT,Broad-watch baseline,partial,50.0000,39.7100,39.7100,2026-07-10
IMVT,Broad-watch baseline,exit,50.0000,39.2400,39.2800,2026-07-13
OGN,Broad-watch baseline,exit,100.0000,13.5100,13.5100,2026-07-06
PII,Broad-watch baseline,exit,100.0000,71.8400,71.8400,2026-07-23
RSI,Broad-watch baseline,partial,50.0000,32.6300,32.6300,2026-07-09
RSI,Broad-watch baseline,exit,50.0000,32.3000,32.3000,2026-07-17
RXO,Broad-watch baseline,exit,100.0000,28.7200,28.7200,2026-07-22
SVIX,Broad-watch baseline,exit,100.0000,23.3100,23.3100,2026-07-08
TNA,Broad-watch baseline,exit,100.0000,74.0000,74.0000,2026-07-02
UBS,Broad-watch baseline,exit,100.0000,51.2500,51.2500,2026-07-08
UDOW,Broad-watch baseline,partial,50.0000,72.5000,72.5000,2026-07-07
UDOW,Broad-watch baseline,exit,50.0000,69.0750,69.0750,2026-07-08
URTY,Broad-watch baseline,exit,100.0000,86.1700,86.1700,2026-07-02
VOYA,Broad-watch baseline,partial,50.0000,96.4000,96.4000,2026-07-07
VOYA,Broad-watch baseline,exit,50.0000,98.3000,98.3000,2026-07-22
YETI,Broad-watch baseline,exit,100.0000,50.1700,50.1700,2026-07-21
ARMK,Broad-watch baseline,partial,50.0000,58.0000,58.0000,2026-07-14
ARMK,Broad-watch baseline,exit,50.0000,57.1300,57.1300,2026-07-15
ARWR,Broad-watch baseline,exit,100.0000,84.5490,84.5490,2026-07-08
AVR,Broad-watch baseline,exit,100.0000,10.0700,10.0700,2026-07-07
AXGN,Broad-watch baseline,exit,100.0000,43.9000,43.9000,2026-07-08
BEAM,Broad-watch baseline,exit,100.0000,33.7300,33.7300,2026-07-10
DNLI,Broad-watch baseline,exit,100.0000,25.4300,25.4300,2026-07-06
IMVT,Broad-watch baseline,partial,50.0000,39.7100,39.7100,2026-07-10
IMVT,Broad-watch baseline,exit,50.0000,39.2400,39.2800,2026-07-13
RLJ,Broad-watch baseline,exit,100.0000,12.0300,12.0300,2026-07-23
SVIX,Broad-watch baseline,exit,100.0000,23.3100,23.3100,2026-07-08
VSXY,Broad-watch baseline,exit,100.0000,85.5800,85.5800,2026-07-23
YETI,Broad-watch baseline,exit,100.0000,50.1700,50.1700,2026-07-21
ARMK,Broad-watch baseline,partial,50.0000,58.0000,58.0000,2026-07-14
ARMK,Broad-watch baseline,exit,50.0000,57.1300,57.1300,2026-07-15
AXGN,Broad-watch baseline,exit,100.0000,43.9000,43.9000,2026-07-08
BEN,Broad-watch baseline,exit,100.0000,33.9300,34.1725,2026-07-08
CALY,Broad-watch baseline,exit,100.0000,18.9100,18.9100,2026-07-20
DHC,Broad-watch baseline,exit,100.0000,9.1950,9.1950,2026-07-23
FTRE,Broad-watch baseline,partial,50.0000,19.2000,19.2000,2026-07-27
FTRE,Broad-watch baseline,exit,50.0000,18.3400,18.3400,2026-07-31
IMVT,Broad-watch baseline,partial,50.0000,39.7100,39.7100,2026-07-10
IMVT,Broad-watch baseline,exit,50.0000,39.2400,39.2800,2026-07-13
MRNA,Broad-watch baseline,exit,100.0000,77.5000,77.5000,2026-07-07
MRX,Broad-watch baseline,exit,100.0000,67.3500,67.3500,2026-07-10
RLJ,Broad-watch baseline,exit,100.0000,12.0300,12.0300,2026-07-23
YETI,Broad-watch baseline,exit,100.0000,50.1700,50.1700,2026-07-21
ARWR,Broad-watch baseline,exit,100.0000,84.5490,84.5490,2026-07-08
UBS,Broad-watch baseline,exit,100.0000,51.5550,51.5550,2026-07-07
APLE,Broad-watch baseline,exit,100.0000,16.8500,16.8500,2026-07-21
ARMK,Broad-watch baseline,partial,50.0000,58.0000,58.0000,2026-07-14
ARMK,Broad-watch baseline,exit,50.0000,57.1300,57.1300,2026-07-15
ARWR,Broad-watch baseline,exit,100.0000,84.3600,84.3600,2026-07-28
BEN,Broad-watch baseline,exit,100.0000,33.9300,34.3500,2026-07-08
BRKR,Broad-watch baseline,exit,100.0000,60.7500,60.7500,2026-07-24
CALY,Broad-watch baseline,exit,100.0000,18.9100,18.9100,2026-07-20
CNC,Broad-watch baseline,exit,100.0000,66.9613,68.0950,2026-07-15
DHC,Broad-watch baseline,exit,100.0000,9.1950,9.1950,2026-07-23
FTRE,Broad-watch baseline,partial,50.0000,19.2000,19.2000,2026-07-27
FTRE,Broad-watch baseline,exit,50.0000,18.3400,18.3400,2026-07-31
IMVT,Broad-watch baseline,partial,50.0000,39.7100,39.7100,2026-07-10
IMVT,Broad-watch baseline,exit,50.0000,39.2400,39.2800,2026-07-13
RLJ,Broad-watch baseline,exit,100.0000,12.0300,12.0300,2026-07-23
SVIX,Broad-watch baseline,exit,100.0000,23.7600,23.9402,2026-07-08
YETI,Broad-watch baseline,exit,100.0000,50.1700,50.1700,2026-07-21
APLE,Broad-watch baseline,exit,100.0000,16.8500,16.8500,2026-07-21
ARMK,Broad-watch baseline,partial,50.0000,58.0000,58.0000,2026-07-14
ARMK,Broad-watch baseline,exit,50.0000,57.1300,57.1300,2026-07-15
BRKR,Broad-watch baseline,exit,100.0000,60.7500,60.7500,2026-07-24
CALY,Broad-watch baseline,exit,100.0000,18.9100,18.9100,2026-07-20
CNC,Broad-watch baseline,exit,100.0000,66.9613,68.0950,2026-07-15
CXW,Broad-watch baseline,exit,100.0000,31.6200,31.6200,2026-07-22
DHC,Broad-watch baseline,exit,100.0000,9.1950,9.1950,2026-07-23
FTRE,Broad-watch baseline,partial,50.0000,19.2000,19.2000,2026-07-27
FTRE,Broad-watch baseline,exit,50.0000,18.3400,18.3400,2026-07-31
RLJ,Broad-watch baseline,exit,100.0000,12.0300,12.0300,2026-07-23
WERN,Broad-watch baseline,partial,50.0000,47.2900,47.2900,2026-07-21
WERN,Broad-watch baseline,exit,50.0000,45.2700,45.2700,2026-07-23
YETI,Broad-watch baseline,exit,100.0000,50.1700,50.1700,2026-07-21
ARMK,Broad-watch baseline,partial,50.0000,58.0000,58.0000,2026-07-14
ARMK,Broad-watch baseline,exit,50.0000,57.1300,57.1300,2026-07-15
BRKR,Broad-watch baseline,exit,100.0000,60.7500,60.7500,2026-07-24
CNC,Broad-watch baseline,exit,100.0000,66.9613,68.0950,2026-07-15
FTRE,Broad-watch baseline,partial,50.0000,19.2000,19.2000,2026-07-27
FTRE,Broad-watch baseline,exit,50.0000,18.3400,18.3400,2026-07-31
HNGE,Broad-watch baseline,exit,100.0000,88.9000,88.9000,2026-07-10
MRVI,Broad-watch baseline,partial,50.0000,7.2400,7.2400,2026-07-17
MRVI,Broad-watch baseline,exit,50.0000,6.5500,6.5500,2026-07-29
RLJ,Broad-watch baseline,exit,100.0000,12.0300,12.0300,2026-07-23
RSI,Broad-watch baseline,partial,50.0000,33.5100,33.5100,2026-07-14
RSI,Broad-watch baseline,exit,50.0000,31.8200,31.8200,2026-07-17
SVIX,Broad-watch baseline,partial,50.0000,25.0900,25.0900,2026-07-15
SVIX,Broad-watch baseline,exit,50.0000,22.9900,23.8600,2026-07-17
UBS,Broad-watch baseline,exit,100.0000,51.8700,51.8700,2026-07-13
YETI,Broad-watch baseline,exit,100.0000,50.1700,50.1700,2026-07-21
ARWR,Broad-watch baseline,exit,100.0000,84.3600,84.3600,2026-07-28
CNC,Broad-watch baseline,exit,100.0000,66.9613,68.0950,2026-07-15
DHC,Broad-watch baseline,exit,100.0000,9.1950,9.1950,2026-07-23
FTRE,Broad-watch baseline,partial,50.0000,19.2000,19.2000,2026-07-27
FTRE,Broad-watch baseline,exit,50.0000,18.3400,18.3400,2026-07-31
RAMP,Broad-watch baseline,exit,100.0000,37.7550,37.7550,2026-07-15
RLJ,Broad-watch baseline,exit,100.0000,12.0300,12.0300,2026-07-23
UBS,Broad-watch baseline,exit,100.0000,51.8700,51.8700,2026-07-13
YETI,Broad-watch baseline,exit,100.0000,50.1700,50.1700,2026-07-21
BRKR,Broad-watch baseline,exit,100.0000,60.7500,60.7500,2026-07-24
CNC,Broad-watch baseline,exit,100.0000,66.9613,68.0950,2026-07-15
FLYW,Broad-watch baseline,exit,100.0000,18.2800,18.4450,2026-07-17
FTRE,Broad-watch baseline,partial,50.0000,19.2000,19.2000,2026-07-27
FTRE,Broad-watch baseline,exit,50.0000,18.3400,18.3400,2026-07-31
LQDA,Broad-watch baseline,partial,50.0000,84.4200,84.4200,2026-07-27
LQDA,Broad-watch baseline,exit,50.0000,82.9600,82.9600,2026-07-31
RAMP,Broad-watch baseline,exit,100.0000,37.7900,37.8200,2026-07-14
WERN,Broad-watch baseline,partial,50.0000,46.3100,46.3100,2026-07-20
WERN,Broad-watch baseline,exit,50.0000,45.2000,45.2000,2026-07-23
BRKR,Broad-watch baseline,exit,100.0000,60.7500,60.7500,2026-07-24
CNC,Broad-watch baseline,exit,100.0000,66.9613,68.0950,2026-07-15
DK,Broad-watch baseline,exit,100.0000,58.5800,58.5800,2026-07-15
FLYW,Broad-watch baseline,exit,100.0000,18.2800,18.4450,2026-07-17
FTRE,Near-A+ defensible: extension test,partial,50.0000,19.2000,19.2000,2026-07-27
FTRE,Near-A+ defensible: extension test,exit,50.0000,18.3400,18.3400,2026-07-31
RAMP,Broad-watch baseline,exit,100.0000,37.7750,37.7750,2026-07-15
RSI,Broad-watch baseline,exit,100.0000,33.3100,33.3100,2026-07-15
SVIX,Broad-watch baseline,exit,100.0000,24.4250,24.4250,2026-07-16
SYRE,Broad-watch baseline,exit,100.0000,94.9550,94.9550,2026-07-16
WERN,Broad-watch baseline,partial,50.0000,46.3100,46.3100,2026-07-20
WERN,Broad-watch baseline,exit,50.0000,45.2000,45.2000,2026-07-23
BRKR,Broad-watch baseline,exit,100.0000,60.7500,60.7500,2026-07-24
CXW,Broad-watch baseline,exit,100.0000,31.6200,31.6200,2026-07-22
FLYW,Broad-watch baseline,exit,100.0000,18.2800,18.4450,2026-07-17
FTRE,Near-A+ defensible: extension test,partial,50.0000,19.2000,19.2000,2026-07-27
FTRE,Near-A+ defensible: extension test,exit,50.0000,18.3400,18.3400,2026-07-31
IMVT,Broad-watch baseline,exit,100.0000,39.7600,39.7700,2026-07-21
RELY,Broad-watch baseline,exit,100.0000,23.5300,23.5300,2026-07-22
SVIX,Broad-watch baseline,exit,100.0000,24.4250,24.4250,2026-07-16
WERN,Broad-watch baseline,partial,50.0000,46.3100,46.3100,2026-07-20
WERN,Broad-watch baseline,exit,50.0000,45.2000,45.2000,2026-07-23
BRKR,Broad-watch baseline,exit,100.0000,60.7500,60.7500,2026-07-24
CXW,Broad-watch baseline,exit,100.0000,31.6200,31.6200,2026-07-22
FTRE,Broad-watch baseline,partial,50.0000,19.2000,19.2000,2026-07-27
FTRE,Broad-watch baseline,exit,50.0000,18.3400,18.3400,2026-07-31
IMVT,Broad-watch baseline,exit,100.0000,39.7600,39.7700,2026-07-21
PBI,Broad-watch baseline,exit,100.0000,18.2500,18.2500,2026-07-21
RELY,Broad-watch baseline,exit,100.0000,24.8020,24.8800,2026-07-17
RXO,Broad-watch baseline,partial,50.0000,29.3000,29.3000,2026-07-21
RXO,Broad-watch baseline,exit,50.0000,26.4350,27.3300,2026-07-24
WERN,Broad-watch baseline,partial,50.0000,47.2900,47.2900,2026-07-21
WERN,Broad-watch baseline,exit,50.0000,45.2499,45.2499,2026-07-23
ACRS,Broad-watch baseline,exit,100.0000,5.5300,5.5300,2026-07-21
BRKR,Broad-watch baseline,exit,100.0000,60.7500,60.7500,2026-07-24
CXW,Broad-watch baseline,exit,100.0000,31.6200,31.6200,2026-07-22
DK,Broad-watch baseline,partial,50.0000,66.1700,66.1700,2026-07-22
DK,Broad-watch baseline,exit,50.0000,63.2200,63.2200,2026-07-24
FTRE,Broad-watch baseline,partial,50.0000,19.2000,19.2000,2026-07-27
FTRE,Broad-watch baseline,exit,50.0000,18.3400,18.3400,2026-07-31
IMVT,Broad-watch baseline,exit,100.0000,39.7600,39.7700,2026-07-21
PBF,Broad-watch baseline,partial,50.0000,64.3300,64.3300,2026-07-22
PBF,Broad-watch baseline,exit,50.0000,62.0000,62.0000,2026-07-23
RSI,Broad-watch baseline,exit,100.0000,33.0100,33.0100,2026-07-22
WTTR,Broad-watch baseline,exit,100.0000,20.2950,20.2950,2026-07-21
BRKR,Broad-watch baseline,exit,100.0000,60.7500,60.7500,2026-07-24
CXW,Broad-watch baseline,exit,100.0000,31.6200,31.6200,2026-07-22
FTRE,A+ baseline,partial,50.0000,19.2000,19.2000,2026-07-27
FTRE,A+ baseline,exit,50.0000,18.3400,18.3400,2026-07-31
IMVT,Broad-watch baseline,exit,100.0000,39.7600,39.7700,2026-07-21
PBF,Broad-watch baseline,exit,100.0000,63.5980,63.5980,2026-07-23
PBI,Broad-watch baseline,exit,100.0000,18.3400,18.3400,2026-07-21
RSI,Broad-watch baseline,exit,100.0000,33.0100,33.0100,2026-07-22
RXO,Broad-watch baseline,exit,100.0000,28.3801,28.3801,2026-07-23
AMRX,Broad-watch baseline,exit,100.0000,18.2200,18.5900,2026-07-30
CXW,Broad-watch baseline,exit,100.0000,31.6200,31.6200,2026-07-22
FTRE,Broad-watch baseline,partial,50.0000,19.2000,19.2000,2026-07-27
FTRE,Broad-watch baseline,exit,50.0000,18.3400,18.3400,2026-07-31
LQDA,Broad-watch baseline,partial,50.0000,84.4200,84.4200,2026-07-27
LQDA,Broad-watch baseline,exit,50.0000,82.9600,82.9600,2026-07-31
PBI,Broad-watch baseline,exit,100.0000,18.1750,18.1750,2026-07-22
RXO,Broad-watch baseline,exit,100.0000,28.7200,28.7200,2026-07-22
SNDR,Broad-watch baseline,exit,100.0000,37.3750,37.3750,2026-07-24
FTRE,Broad-watch baseline,partial,50.0000,19.2000,19.2000,2026-07-27
FTRE,Broad-watch baseline,exit,50.0000,18.3400,18.3400,2026-07-31
PBI,Broad-watch baseline,exit,100.0000,17.7050,17.7050,2026-07-31
VSXY,Broad-watch baseline,exit,100.0000,85.9400,85.9400,2026-07-23
AMRX,Broad-watch baseline,exit,100.0000,18.2200,18.5900,2026-07-30
DOC,Broad-watch baseline,exit,100.0000,22.5750,22.5750,2026-07-29
FTRE,Broad-watch baseline,exit,100.0000,19.2600,19.2600,2026-07-27
LQDA,Broad-watch baseline,exit,100.0000,85.1400,85.1400,2026-07-27
ORKA,Broad-watch baseline,mtm,100.0000,96.5100,96.5100,2026-07-31
PBI,Broad-watch baseline,exit,100.0000,17.7050,17.7050,2026-07-31
VSXY,Broad-watch baseline,exit,100.0000,87.3100,87.3100,2026-07-29
DOC,Broad-watch baseline,exit,100.0000,22.5750,22.5750,2026-07-29
FTRE,Broad-watch baseline,exit,100.0000,19.5900,19.8850,2026-07-29
ORKA,Broad-watch baseline,mtm,100.0000,96.5100,96.5100,2026-07-31
PBF,Broad-watch baseline,mtm,100.0000,72.2800,72.2800,2026-07-31
VSXY,Broad-watch baseline,exit,100.0000,87.3100,87.3100,2026-07-29
BRKR,Broad-watch baseline,mtm,100.0000,62.8400,62.8400,2026-07-31
DOC,Broad-watch baseline,exit,100.0000,22.5750,22.5750,2026-07-29
MUFG,Broad-watch baseline,exit,100.0000,22.3100,22.8651,2026-07-28
ORKA,Broad-watch baseline,mtm,100.0000,96.5100,96.5100,2026-07-31
PBF,Broad-watch baseline,mtm,100.0000,72.2800,72.2800,2026-07-31
RLJ,Broad-watch baseline,exit,100.0000,12.2600,12.2600,2026-07-28
VSXY,Broad-watch baseline,exit,100.0000,87.3100,87.3100,2026-07-29
AMRX,Broad-watch baseline,exit,100.0000,18.2200,18.5900,2026-07-30
BRKR,Broad-watch baseline,mtm,100.0000,62.8400,62.8400,2026-07-31
CUZ,Broad-watch baseline,exit,100.0000,31.7800,31.7800,2026-07-30
DOC,Broad-watch baseline,exit,100.0000,22.5750,22.5750,2026-07-29
FTRE,Broad-watch baseline,exit,100.0000,19.5900,19.8850,2026-07-29
ORKA,Broad-watch baseline,mtm,100.0000,96.5100,96.5100,2026-07-31
PBF,Broad-watch baseline,mtm,100.0000,72.2800,72.2800,2026-07-31
PK,Broad-watch baseline,mtm,100.0000,15.0600,15.0600,2026-07-31
VSXY,Broad-watch baseline,exit,100.0000,87.3100,87.3100,2026-07-29
FTRE,Broad-watch baseline,exit,100.0000,19.5000,19.5000,2026-07-30
ORKA,Broad-watch baseline,mtm,100.0000,96.5100,96.5100,2026-07-31
PBF,Broad-watch baseline,mtm,100.0000,72.2800,72.2800,2026-07-31
PK,Broad-watch baseline,exit,100.0000,15.0800,15.0800,2026-07-30
VSXY,Broad-watch baseline,mtm,100.0000,88.6800,88.6800,2026-07-31
ADPT,Broad-watch baseline,mtm,100.0000,22.5700,22.5700,2026-07-31
BRKR,Broad-watch baseline,exit,100.0000,61.2900,61.2900,2026-07-31
VSXY,Broad-watch baseline,exit,100.0000,87.0800,87.6200,2026-07-31
